id,prediction
yor_0001_topic,entertainment
yor_0001_headline,Wizkid: Nkechi Blessing ní òun ti kan lẹ́sẹ̀ o
yor_0002_topic,entertainment
yor_0002_headline,Kemi Afolabi: Ọ̀pọ̀ àwọn olólùfẹ́ mi sọra nípa àìsàn Lup
yor_0003_topic,entertainment
yor_0003_headline,Portable Ọmọ Olamile: Gbajúmọ̀ olórin tàkasúfèé ní Agege sọ ìké omi lu Small
yor_0004_topic,entertainment
yor_0004_headline,"Funmi Awelewa: Ẹ̀jẹ́ ṣe ń ṣẹlẹ̀ nínú ìlera rẹ̀, àì"
yor_0005_topic,health
yor_0005_headline,World Aids Day: Taiwo Hassan Ogogo ní òṣèré tíátà tó rí àmìwò ọba
yor_0006_topic,entertainment
yor_0006_headline,Ebenezer Obey Fabiyi: Ilééṣẹ́ rẹ̀kọ́ọ́dà ti gbé àwó orin Ju
yor_0007_topic,entertainment
yor_0007_headline,Esther ABOD and Lizzy Anjorin: Ẹni tó bẹ̀rẹ̀ ìjà lórí ọ̀rọ̀ tó
yor_0008_topic,entertainment
yor_0008_headline,Dejo Tunfulu: Àwọn olólùfẹ́ òṣèré tí gbogbo èèyàn mọ̀ ní
yor_0009_topic,entertainment
yor_0009_headline,Waka: Ọ̀nà ẹ̀dá padà láyé - Alhaja Rukayat
yor_0010_topic,entertainment
yor_0010_headline,"Iyabo Ojo: Àwọn ẹbí, ọrẹ àti òṣèré tíátà Yorùbá sọ ní"
yor_0011_topic,entertainment
yor_0011_headline,Damilọla Ajayi: Kí ló mú kí orin Fẹla ní ìwurin láti fọn èré?
yor_0012_topic,entertainment
yor_0012_headline,Kudirat Gbemisola: Ẹ yẹ kí obìnrin ṣe iṣẹ́ DJ àmọ́ tí kò gbọdọ̀
yor_0013_topic,entertainment
yor_0013_headline,Kemi Afolabi Adesipẹ: Àìsàn tó ń ṣe mí kò gbóògùn tó kọlu lọ́
yor_0014_topic,entertainment
yor_0014_headline,Toyin Agegebola: Gbajúmọ̀ òṣèré tíátà tó ń fa whala nínú ìjàmbá
yor_0015_topic,entertainment
yor_0015_headline,Mr Macaroni: Ṣé lóòtọ́ọ́ ọ̀rọ̀ ìfẹ́ lọ́jọ́kọ́jọ
yor_0016_topic,entertainment
yor_0016_headline,Baba Precious: Ye Wande Adukoya bẹ àwọn olólùfẹ́ rẹ̀ láti jawọ nínú
yor_0017_topic,entertainment
yor_0017_headline,Bobrisky: Ọba akọrin Fuji ní yóò kọrin fún ayẹyẹ ọjọ́ ìbí
yor_0018_topic,entertainment
yor_0018_headline,Baba Suwe: Ọ̀pọ̀ àwọn òṣèré tíátà ní ìku ikú àìsàn
yor_0019_topic,entertainment
yor_0019_headline,"Tekno: Ilééṣẹ́ ọlọ́pàá fi ọrọ wa akọrin tàkasúfèé, Augustine Kelechi"
yor_0020_topic,entertainment
yor_0020_headline,Mama Ereko: Òṣèré tíátà ti gba orí ayélujára kan láti bi ọjà mẹ́ta
yor_0021_topic,entertainment
yor_0021_headline,Peter Okoye: Kí ló mú kí ọkọ rẹ̀ kù oyè ọjọ́ ibi?
yor_0022_topic,entertainment
yor_0022_headline,Damola Olatunji: Ẹ̀sùn mẹ́rin ọlọ́pàá ti dá oṣèré tíátà
yor_0023_topic,entertainment
yor_0023_headline,Samuel Ajirebi's son: Wo ohun tí mo lè máa mọ̀ nípa òunjẹ́ tí mo fi
yor_0024_topic,health
yor_0024_headline,World Cancer Day: Èèyàn tó wà ní ìhòhò nítorí àrùn jẹjẹrẹ ag
yor_0025_topic,entertainment
yor_0025_headline,Tunfeek Adewale Igiṣekele: Àlàyé rèé lórí ikú akọrin Fuji ní Nàìjírí
yor_0026_topic,entertainment
yor_0026_headline,Muyawa Ademola: Àwọn olólùfẹ́ rẹ̀ ní kò sí ìwòsàn nínú fí
yor_0027_topic,entertainment
yor_0027_headline,"Nkechi Blessing kò ṣe ìyàwó pẹ̀lú ọrẹkunrin rẹ̀, David"
yor_0028_topic,entertainment
yor_0028_headline,Kashy Godson: Ọmọ olóògbé Barry Jhay ní òun ṣetán láti sọ̀rọ̀ ní
yor_0029_topic,entertainment
yor_0029_headline,Mompa àti Bobrisky: Mo ṣetán láti gba Oye lọ́jọ́ lórí ẹ̀sùn
yor_0030_topic,entertainment
yor_0030_headline,Saheed Osup: Gbajúgbajà òṣèlú Nàìjíríà sọ̀rọ̀ lórí ìdí tí
yor_0031_topic,politics
yor_0031_headline,Ṣé lóòtọ́ ni àwọn òṣèré Nàìjíríà tí wọ́n ti ń gb
yor_0032_topic,entertainment
yor_0032_headline,Laide Bakare: Gbajúgbajà òṣèré tíátà Yorùbá ṣàṣọ̀ lórí ẹni tó
yor_0033_topic,religion
yor_0033_headline,Ìjọba àpapọ̀ kéde ẹjọ́ lórí ẹ̀sùn tí wọ́n ọlọ́
yor_0034_topic,entertainment
yor_0034_headline,Àwọn olùdarí fiìmù àgbelewo meji ń fi ẹ̀wọ̀n fún ìyà
yor_0035_topic,entertainment
yor_0035_headline,Kemi Afolabi and Laide Bakare: Wo àwọn ọ̀rẹ̀ tó ń pa owe eebú lórí
yor_0036_topic,politics
yor_0036_headline,Naira Marley: Àjọ EFCC fi hàn pé akọrin tó ní ọna ẹ̀bù lu kaadi owó
yor_0037_topic,entertainment
yor_0037_headline,Adunni Ade: Gbajúgbajà òṣèré tíátà Yorùbá ṣàlàyé pé òun kò à
yor_0038_topic,entertainment
yor_0038_headline,Kemi Afolabi figbe ta lórí fídíò kan tó ṣàlàyé pé òun n gbàdúrà fún
yor_0039_topic,entertainment
yor_0039_headline,Lateef Adedimeji àti Bimpe Oyebade sọ̀rọ̀ lórí ìgbéyàwó wọn mẹ
yor_0040_topic,entertainment
yor_0040_headline,African Magic Awards 2022: Wo àwọn ohun tó yẹ kí àmì ẹ̀yẹ ilẹ Afrika tí wọ́n
yor_0041_topic,entertainment
yor_0041_headline,Bukola Akinade: Kí ló yẹ kí àwọn olórin ẹ̀mí máa ń fi ẹnu
yor_0042_topic,entertainment
yor_0042_headline,Genevieve Nnaji: Ẹyin obìnrin ń rí ìbálòpọ̀ ló mú kí ọ̀kùnrin
yor_0043_topic,entertainment
yor_0043_headline,9ice sọ̀rọ̀ lórí ìrufẹ́ adarí tó yẹ kí Nàìjíríà jẹ́
yor_0044_topic,entertainment
yor_0044_headline,Baba Ijesha: Yomi Fabiyi ní ẹ̀tọ̀ ọmọniyan ṣe ìpolongo àti ì
yor_0045_topic,entertainment
yor_0045_headline,Mike Ezuruonye vs Kunle Afọ́lanyan: Àwọn èèyàn meji tó kọlu ara wọn lór
yor_0046_topic,entertainment
yor_0046_headline,Naira Marley: Àwọn olólùfẹ́ tó yọ orin Naira Maley kúrò ní ' Head
yor_0047_topic,entertainment
yor_0047_headline,D'banj sọ pé àdúrà àti awẹ́ lo mu mi de ìpo ọ̀kan lára à
yor_0048_topic,entertainment
yor_0048_headline,MC Regina: MC kọ nínú ìwé ẹ̀kọ́ girama àmọ́ mi ní òun
yor_0049_topic,entertainment
yor_0049_headline,Baba Ijesha: Ilé ẹjọ́ sún igbẹ́jò pẹ̀lú ọmọ Ijẹṣà lásì
yor_0050_topic,entertainment
yor_0050_headline,BBNaija: Pásítọ̀ ọmọ Nàìjíríà sọ ìdí tí o fi gbé ote lé
yor_0051_topic,entertainment
yor_0051_headline,Oduduwa Republic: Lizzy Anjorin ní àwọn tó ń sọ pé Naijiria kò jẹ́ lọ
yor_0052_topic,entertainment
yor_0052_headline,Lady Peller: Ìyàwó gbajugbajà ọlọ́gá òṣèlú ìdán ni òun
yor_0053_topic,entertainment
yor_0053_headline,Funke Akindele: Gómìnà Sanwo-Olu ti fún gbajugbajà òṣèré tí gbogbo
yor_0054_topic,entertainment
yor_0054_headline,"Mr Latin: Mr Latin ní ààrẹ TAMPAN ní Mr Latin, òun kò dára tàbí, ó"
yor_0055_topic,entertainment
yor_0055_headline,Odunlade Adekola: Adenike Hamza ní òun kò bá ọga mi ṣeré ìfẹ́ g
yor_0056_topic,entertainment
yor_0056_headline,Nkechi Blessing Sunday: Ohun tó pa ẹgbẹ́run lọ́na ọtalelugba o din mẹ
yor_0057_topic,entertainment
yor_0057_headline,Femi Branch: Gbajúmọ̀ òṣèré tíátà ní Fẹ́mi Branch sọ̀rọ̀ lórí
yor_0058_topic,entertainment
yor_0058_headline,Seyi Ariyo: Ẹni tó bu sẹ́kùn nínú fíìmù kan tó fẹ́ fa ikú
yor_0059_topic,entertainment
yor_0059_headline,Fati Rolling Dollar: Wo àwọn ohun tó yẹ kí o mọ̀ nípa ìlúmọ̀ọ́
yor_0060_topic,entertainment
yor_0060_headline,"Tope Alabi: Kí ló fa gbas gbos láàrin ""Oniduro"" tí o ṣe gba ìmís"
yor_0061_topic,entertainment
yor_0061_headline,Oba Adeyẹye Ogunwusi: Ìgbéyàwó Ronkẹ̀ Adeoluyi pẹ̀lú àwọn
yor_0062_topic,entertainment
yor_0062_headline,Agbako Oloye: Àgbàko sọ ohun tó sokunfa òrukọ́ rẹ̀ nínú èré
yor_0063_topic,entertainment
yor_0063_headline,Yomi Fabiyi: Ẹgbẹ́ TAMPAN kéde pé òun kò lọ rọ́ọ̀kùn ní
yor_0064_topic,entertainment
yor_0064_headline,Wasiu Alabi Pasuma: Ṣé lóòtọ́ọ́ ni ìjà bẹ̀ sílẹ̀ níbi ì
yor_0065_topic,entertainment
yor_0065_headline,Samuel Ajirebi: Àwọn ọmọ ọdún mẹ́rin àtijọ́ rèé ní Sokoto sọ
yor_0066_topic,entertainment
yor_0066_headline,Nkechi Blessing: Toyin Abraham ló kéde lórí ayélujára láìpẹ́ yìí
yor_0067_topic,entertainment
yor_0067_headline,Isho Pepe's Twins: Ọ̀pọ̀ àwọn ìyàwó mi nípa ikú akọ́ni tíát
yor_0068_topic,entertainment
yor_0068_headline,Toyin Abraham: Gbajúgbajà òṣèré tíátà ṣàlàyé pé ìgbeyàwó mi ni Kolawole
yor_0069_topic,entertainment
yor_0069_headline,Fliters: Wo àwọn ohun tó yẹ kí o mọ̀ nípa iṣẹ́ tí wọ́n má
yor_0070_topic,entertainment
yor_0070_headline,Banky W àti ìyàwó rẹ̀ bi ọmọ tuntun jòlo ní Ọlọ́run
yor_0071_topic,entertainment
yor_0071_headline,Àwọn oṣerè TAMPAN fẹ́ sí Mr Latin gbé ẹ̀ṣè fú
yor_0072_topic,entertainment
yor_0072_headline,Ayinla Omowura: Kò sí ẹni tí o mọ̀ pé olóògbé tàkasúfèé ló
yor_0073_topic,entertainment
yor_0073_headline,Adebimpe Oyebade: Mo fẹ́ gba ipò adarí tó dara hàn sílẹ̀ nítorí ìtàn ayé
yor_0074_topic,entertainment
yor_0074_headline,D’banj sọ̀rọ̀ sókè lórí ìwá ìjẹkùjẹ̀ lóòtọ
yor_0075_topic,entertainment
yor_0075_headline,David Adedeji Adeleke: Àwọn èèyàn mọ̀ pé Davido gba ife fún olólùfẹ́
yor_0076_topic,entertainment
yor_0076_headline,Iyabo Oko: Foluke Daramola ní òṣèré tíátà ń bẹ̀bẹ̀ fún ìranwọ́
yor_0077_topic,entertainment
yor_0077_headline,Temitope Olaye: Ọmọ ìlú Odigbo ní òun ṣe bẹ̀rẹ̀ iṣẹ́ orin
yor_0078_topic,religion
yor_0078_headline,Christmas 2020: Wo àwọn àwòràn ọdún Keresimesi lọ́dún 2020
yor_0079_topic,entertainment
yor_0079_headline,Yinka Ayefele sọ̀rọ̀ lórí ìròyìn ọjọ́ru pé òṣìṣẹ́ agbofin
yor_0080_topic,entertainment
yor_0080_headline,Whitemoney: Àwọn olólùfẹ́ ẹgbẹ́ òṣèlúfèé ní ìjàmbá
yor_0081_topic,entertainment
yor_0081_headline,Taiwo àti Kehinde Ekundayo: Ọmọ ọdún mẹ́ta ní àwọn ọmọ ìbej
yor_0082_topic,entertainment
yor_0082_headline,Ìyàwó rẹ̀ tí wọ́n ṣe ìgbé ayélujára pẹ̀lú ìyáwó
yor_0083_topic,entertainment
yor_0083_headline,Sola Allyson: Kí ló kàn báyìí lẹ́yìn tí ọmọ Nàìjíríà ṣe
yor_0084_topic,entertainment
yor_0084_headline,Mike Abdul: Mike Abdul ní òun àti àwọn akẹ́gbẹ́ olorin ẹ̀mí fẹ́rà
yor_0085_topic,entertainment
yor_0085_headline,Baba Ijesha: Iyabo Ojo ní àwọn òṣèré tíátà sọ̀rọ̀ lórí ẹn
yor_0086_topic,entertainment
yor_0086_headline,Demond Olusola Elliot: Àwọn ọ̀dọ́ Nàìjíríà ń pariwo orúkọ àti or
yor_0087_topic,entertainment
yor_0087_headline,Kolawole Ajeyemi: Gbajúgbajà òṣèré tíátà sọ pé ìyàwó mi ni owó
yor_0088_topic,entertainment
yor_0088_headline,Bobby Brown Jr.: Ẹ̀gbọ́n rẹ̀ tó jẹ ọmọ ọdún méjìdínlọ́
yor_0089_topic,entertainment
yor_0089_headline,Ọ̀pọ̀ àwọn olólùfẹ́ rẹ̀ ń yọ lọ́wọ́ ìkú ló
yor_0090_topic,entertainment
yor_0090_headline,Portable: Ọba Thomas-Fagbayi sọ̀rọ̀ sókè lórí ohun tó yẹ kí ọmọ
yor_0091_topic,entertainment
yor_0091_headline,"Yekeen Ajileye: Òṣèré tíátà tó gbajumọ̀ láàrin ìlú, àmọ́"
yor_0092_topic,entertainment
yor_0092_headline,"Naira Marley: Ọ̀pọ̀ èèyàn ń gbókíkì rẹ̀, àwọn ọ̀dọ́"
yor_0093_topic,entertainment
yor_0093_headline,Ron Jeremy: Gbajugbajà òṣèré ''Ble Film'' ní ẹ̀sùn ìfìpàá
yor_0094_topic,entertainment
yor_0094_headline,Tọpẹ Alabi ṣe awo orin ' Angẹli Mi' àti 'My Angel' lọ́dún
yor_0095_topic,entertainment
yor_0095_headline,Oluremi Akintola Samuel: Ṣé lóòtọ́ ni mo ti bẹ̀rẹ̀ iṣẹ́ alága ìdú
yor_0096_topic,entertainment
yor_0096_headline,Zlatan Ibele: Àwo orin tuntun yóò kópa nínú àwòrán Zlatan
yor_0097_topic,entertainment
yor_0097_headline,Wo àwọn ọlọ́pàá ní Rwanda sọ pé akọrin kan tó ń lọ́sẹ̀ tó
yor_0098_topic,entertainment
yor_0098_headline,Ebenezer Obey Fabiyi: Ẹ máa ń sọ pé òun kò fẹ́ kí o ṣe
yor_0099_topic,entertainment
yor_0099_headline,Ayinla Kollington: Ọmọ ni Wasiu Ayinde jẹ́ sí mi - Kollington
yor_0100_topic,entertainment
yor_0100_headline,"Tiwa Savage: Àwọn gbajúgbajà olórin tàkasúfèé, Salawa Abeni àti àwọn mí"
yor_0101_topic,health
yor_0101_headline,Abẹ́rẹ́ àjẹsára: Àwọn ọmọ Nàìjíríà tó ń kọ́ fún
yor_0102_topic,health
yor_0102_headline,Àwọn aláìsàn tó bá wà nínú iléèwòsàn UCH nítorí ẹ̀gbẹ́
yor_0103_topic,health
yor_0103_headline,Funmilayo Oluwadara: Ayọ̀ àbara tin-tin nínú ọdún méjìdínlóji ní
yor_0104_topic,health
yor_0104_headline,Ọ̀pọ̀ ohun tó yẹ kí akọ̀ ẹ̀fọn máa ń kọ nípa ìbálò
yor_0105_topic,health
yor_0105_headline,Coronavirus in Nigeria: Àwọn àrùn-ajo tó bá gba gbogbo abẹ́rẹ́ àjẹsára COVID-19
yor_0106_topic,health
yor_0106_headline,Ìṣẹ́ Eledumare àti ọmọ mẹ́ta tó fi ta ìlé rẹ̀ lẹ́ẹ̀kan
yor_0107_topic,health
yor_0107_headline,Jonathan Olakunle Olanlokun: Mo korira ìdọ̀tì Pupọ̀- Jonathan Ariwo ọmọ Nàì
yor_0108_topic,health
yor_0108_headline,Breastfeeding: Wo àwọn ohun tó yẹ kí o mọ̀ nípa ẹ̀sẹ̀ ilé
yor_0109_topic,health
yor_0109_headline,FFCCPC ti ilééṣẹ́ Apples and Pedrs pa ní Abuja
yor_0110_topic,entertainment
yor_0110_headline,Òṣèré India ní òun ti bọ lọ́wọ́ àrùn Covid-19 tó dá mi wòlẹ̀
yor_0111_topic,health
yor_0111_headline,World Sickle Cell Day: Wo àwọn ohun tó yẹ kí ẹni máa ń ṣèkóbá fún ì
yor_0112_topic,health
yor_0112_headline,Gastroenteritis: Gómìnà ìpínlẹ̀ kan fi aṣírí ìpò rẹ̀ pamọ̀ ls
yor_0113_topic,health
yor_0113_headline,Nigeria's debt burden: Èmi àti ọrẹ mi ń tọrọ owó fún ìyá
yor_0114_topic,health
yor_0114_headline,Coronavirus in Nigeria: Ṣé lóòtọ́ ni àrùn àjòjì tó pa èèyàn mẹ
yor_0115_topic,health
yor_0115_headline,Yemi Osinbajo: Ilé ìwòsàn ti ìgbakeji Aàrẹ orílẹ̀èdè Nàìjí
yor_0116_topic,health
yor_0116_headline,Coronavirus in Nigeria: Ǹjẹ́ àwọn ènìyàn tí kò bá lara nínú àrùn coronavirus?
yor_0117_topic,health
yor_0117_headline,Vagino-Pasy: Ìdí tí mo fi yan iṣẹ́ abẹ ojú ara obìnrin láàyò rè
yor_0118_topic,health
yor_0118_headline,Zimbabwe Resident Doctor's Strike: Ẹ̀sùn ìpàdáni tó kọjá nínú ìwòs
yor_0119_topic,health
yor_0119_headline,Covid-19 in Nigeria: Wo àwọn ohun tó lè mú kí àbẹ́rẹ́ àjẹsára Covid-19 ṣe
yor_0120_topic,health
yor_0120_headline,Coronavirus in Nigeria: Èèyàn mẹ́ta tó ń ko àrùn Coronavirus pọ̀ nípa àwọn orí
yor_0121_topic,health
yor_0121_headline,Hand Sanitizer: Wo àwọn ohun tó yẹ kí o mọ̀ nípa oògùn apankòrò
yor_0122_topic,health
yor_0122_headline,Covid-19 Vaccine: Wo àwọn ohun tó yẹ kí ọmọ rẹ̀ lè gba ọna ifetosọ
yor_0123_topic,health
yor_0123_headline,WHO fi ikede àrùn Monkey Pox lágbàyéé
yor_0124_topic,health
yor_0124_headline,Ọ̀nà tó yẹ kí obìnrin máa bọ lọ́wọ́ ìtìjú aìsàn j
yor_0125_topic,health
yor_0125_headline,Coronavirus in Nigeria: Àwọn agúnbánirọ̀ mẹ́ẹ̀dọ́gbọ́n ló lùgbàdì à
yor_0126_topic,health
yor_0126_headline,Jonathan Ikpere àti àwọn ọmọ Nàìjíríà tó ń rí ẹ̀wọ̀n ní
yor_0127_topic,health
yor_0127_headline,Coronavirus in Nigeria: Wo àwọn ohun tó yẹ kí o mọ̀ nípa àrùn coronavirus
yor_0128_topic,health
yor_0128_headline,Health tips: Wo àwọn ohun tó yẹ kí ẹni tó ń hàn'run nítorí àrùn
yor_0129_topic,health
yor_0129_headline,Sandra: Ṣé lóòtọ́ ni àwọn agbegbe kan wà sílẹ̀ ní Nàìjíríà
yor_0130_topic,health
yor_0130_headline,"Àrùn tó kò gbóògùn, kí Ọlọ́run má fi ṣe wá"
yor_0131_topic,health
yor_0131_headline,Easter date: Wo àwọn ohun tó yẹ kí o lè ṣe fún ìgbà ọ̀yẹ
yor_0132_topic,health
yor_0132_headline,Abẹ́rẹ́ àjẹsára: Wo àwọn ohun tó yẹ kí o mọ̀ nípa
yor_0133_topic,health
yor_0133_headline,Ìdí tí àwọn ọ̀bẹ̀ ilẹ̀ Yorùbá ń fi ìkùn sí nínú ìlera
yor_0134_topic,health
yor_0134_headline,Stellah Adadevoh: Àwọn ẹbí òkòógbé Nàìjíríà ṣàlàyé pé ìjọba
yor_0135_topic,entertainment
yor_0135_headline,Ìdí tí wọ́n ṣe aṣeyọrí iṣẹ́ abẹ fún àwọn ìbejì tí
yor_0136_topic,health
yor_0136_headline,Sexual Abstinence: Wo àwọn ohun tó yẹ kí obìnrin àti ọkùnrin máa ń gba
yor_0137_topic,health
yor_0137_headline,Ṣé lóòtọ́ ni ìjọba ìwòsàn ṣe bẹ̀rẹ̀ àrùn kíndì
yor_0138_topic,health
yor_0138_headline,Coronavirus in Nigeria: Aàrẹ orílẹ̀-èdè Russia kéde òògùn Sputnik V
yor_0139_topic,health
yor_0139_headline,Sudden Infant Death Syndrome: Wo àwọn nkan mẹ́san-an tó lè fa ikú ojiji fún
yor_0140_topic,health
yor_0140_headline,Monkey Pox: Ǹjẹ́ ààrùn ìbálòpọ̀ lè pa àwọn tó kó a
yor_0141_topic,health
yor_0141_headline,"Abiliko Taiwo Gabriel: Wọ́n ti ní àwọn dókítà, nọ́ọ́sì ń fi ì"
yor_0142_topic,health
yor_0142_headline,"Coronavirus in Nigeria: Orílẹ̀èdè Nàìjíríà, Malawi àti Egypti kò gbọdọ̀ rin"
yor_0143_topic,health
yor_0143_headline,Food Poisoning: Wo ohun tó yẹ kí àwọn dókítà máa ń pe ìjọba ìpín
yor_0144_topic,health
yor_0144_headline,"Covid-19 in Nigeria: Àwọn kọ̀nǹdàjò tó bá ń bọ̀ láti South Africa, wo àwọn"
yor_0145_topic,health
yor_0145_headline,"NAFDAC kéde pé àwọn tó kẹ́ẹ́fin ayédèrú òògùn oníkoro, àwọm"
yor_0146_topic,health
yor_0146_headline,Coronavirus in Nigeria: Ọ̀kùnrin kan tó kọ̀ láti tẹ́lé òfin kọ́kọ́ sílé ní
yor_0147_topic,health
yor_0147_headline,Covid-19 in Nigeria: Ṣé lóòtọ́ ni ìdí tí àwọn ènìyàn yóò ṣe
yor_0148_topic,health
yor_0148_headline,Àìsàn otú igba àyà pa ọmọ Nàìjíríà lọ́dún 2018
yor_0149_topic,health
yor_0149_headline,Owo resident doctors strike: Àwọn dókítà bẹ̀rẹ̀ ìyanṣẹ́lódì ní FMC Owo
yor_0150_topic,health
yor_0150_headline,Resident Doctors strike in Nigeria: Ẹgbẹ́ àwọn dókítà ní Nàìjíríà gunlẹ̀
yor_0151_topic,health
yor_0151_headline,Coronavirus in Nigeria: Àwọn onímọ̀ ìjìnlẹ̀ ní àwọn ọ̀nà tí ara wọn
yor_0152_topic,health
yor_0152_headline,Peace Nnaji: Kí ló yẹ kí obìnrin yé fawọn ọkọ lọ́yan mú mọ́
yor_0153_topic,health
yor_0153_headline,"'Asperger's Syndrome', ọ̀rọ̀ ìyá mi ni ìpèníjà ọpọ̀lọ"
yor_0154_topic,religion
yor_0154_headline,Coronavirus in Nigeria: Ìjọba Eko gbà àwọn olórí ẹlẹ́sìn lámọ́ràn láti gbẹ
yor_0155_topic,health
yor_0155_headline,"Ounjẹ́ jijẹ jẹ ọrẹ ara, àmọ́ ìdí tí wọ́n máa ń"
yor_0156_topic,health
yor_0156_headline,Coronavirus in Nigeria: Ìjọba Buhari kéde pé àgbẹ́ yóò bá ètò ayẹ́wò à
yor_0157_topic,health
yor_0157_headline,Obasanjo ní ọdún márùndínlóji tí mo ti ni àìsàn itọ ṣúgá ń pa
yor_0158_topic,politics
yor_0158_headline,Ibrahim Mantu: Àlàyé rèé lórí ìgbìmọ̀ àṣòfin Nàìjíríà
yor_0159_topic,health
yor_0159_headline,Saudi Arabia: Orílẹ̀èdè Nàìjíríà fòfin de ìrìnàjò láti Naijiria
yor_0160_topic,health
yor_0160_headline,Sexual Abstinence: Ẹ̀rọ̀ ìbálòpọ̀ ń ṣiṣẹ́ nínú ẹ̀rọ́ kọmputa
yor_0161_topic,health
yor_0161_headline,Coronavirus in Nigeria: Àwọn agunbánirọ kò bá gbabẹ́rẹ́ àjẹsára covid-19 kò ní
yor_0162_topic,health
yor_0162_headline,Coronavirus in Nigeria: Ẹ̀rùn coronavirus ẹlẹ́ẹ́kejì n kan ilẹ̀kùn gbọ́ngbọ́
yor_0163_topic,health
yor_0163_headline,Covid-19 in Nigeria: Àwọn ọlọ́pàá South Africa àti China gbẹsẹ̀ mú àwọn afurasí
yor_0164_topic,health
yor_0164_headline,Àwọn dókítà ní Nàìjíríà sọ̀rọ̀ lórí ẹ̀sùn ìyansẹ
yor_0165_topic,health
yor_0165_headline,Ọbabinrin Elizabeth keji ti wa lábẹ́ ìtọ̀jù fún ìlera rẹ̀
yor_0166_topic,health
yor_0166_headline,Coronavirus in Nigeria: Wo àwọn ohun tí ẹ̀mí ń sọ fún ìjọ nípa ọ̀rọ̀
yor_0167_topic,health
yor_0167_headline,NCDC lede pé ènìyàn méjìlélọ́gta ti lugbadi aàrùn Monkey Pox
yor_0168_topic,entertainment
yor_0168_headline,Fọlakẹ Arẹmu: Àìsàn òṣèré tíátà àti sinima ní Nàìjírí
yor_0169_topic,health
yor_0169_headline,Coronavirus update: Ìjọba àpapọ̀ kéde pé abẹ́rẹ́ Covid-19 yóò dé sí Nàìjí
yor_0170_topic,health
yor_0170_headline,Coronavirus in Nigeria: K1 ní àwọn ọmọ Nàìjíríà tí kò gbọdọ̀ gbé ilé
yor_0171_topic,health
yor_0171_headline,HIV: Ọkùnrin kan tó ti ń bá àìsàn kògbóògùn HIV fínra láti 1992
yor_0172_topic,health
yor_0172_headline,Coronavirus in Somalia: BBC Africa Eye ní èèyàn mẹ́rìndínlógún ni ìkùnà Covid-19 pa
yor_0173_topic,health
yor_0173_headline,Àwọn ọmọ Nàìjíríà tó gbẹ̀mí ara wọn lọ́dún mẹ́rin ṣẹ́
yor_0174_topic,health
yor_0174_headline,Coronavirus in Africa: Àwọn orílẹ̀èdè tó ń pín nípa àrùn Coronavirus
yor_0175_topic,religion
yor_0175_headline,Coronavirus in Nigeria: Pásítọ̀ Enoch Adejare ṣàlàyé pé ìgbésẹ̀ tí ìjọba ń
yor_0176_topic,health
yor_0176_headline,Adekunle Ajasin: Ilééṣẹ́ ọlọ́pàá ṣàlàyé ìròyìn lẹ́y
yor_0177_topic,health
yor_0177_headline,'Gorilla glue' lẹ́yìn oṣù méje tí kò rí ọna àbòyọ
yor_0178_topic,health
yor_0178_headline,Healthy lifestyle: Wo àwọn ohun tó yẹ kí o ṣe n yọkun àti tobi síi
yor_0179_topic,health
yor_0179_headline,Wo dókítà ọmọ Nàìjíríà tí àgbáyé ń wárí fún abẹ́
yor_0180_topic,entertainment
yor_0180_headline,Terfen Anongo: Ọmọ ẹni tó ń lè tẹ̀síwájú nínú ẹ̀kọ́
yor_0181_topic,politics
yor_0181_headline,Ademọla Adeleke: Gbogbo nǹkan tó bá yẹ kí ipò gómìnà ìpínlẹ̀ Osun
yor_0182_topic,politics
yor_0182_headline,Oyo Governorship Election: Iléẹjọ́ tó ga jùlọ láwọn alága àti kansílé ìpín
yor_0183_topic,politics
yor_0183_headline,Atiku ní òun yóò gbé ìgbésẹ̀ kíni láti kojú ìṣòro ètò
yor_0184_topic,politics
yor_0184_headline,Sunday Adeyemo Igboho: Ìjọba àpapọ̀ fèsì sí òṣèlú yánjú ọrọ̀
yor_0185_topic,politics
yor_0185_headline,Dino Melaye kọ ìyànsípò rẹ̀ gẹ́gẹ bi olùdarí ìpolongo ì
yor_0186_topic,politics
yor_0186_headline,Bola Tinubu: Àwọn ọmọ Kristiẹni tí wọ́n ń fẹ́ kí Kashim Shettima gẹ́g
yor_0187_topic,religion
yor_0187_headline,CAN 2023: Ẹgbẹ́ CAN ní kò sílẹ̀ lórí ìpolongo ààrẹ àti ì
yor_0188_topic,politics
yor_0188_headline,Rotimi Akeredolu sọ pé àwọn gómìnà 'yahoo-yahoo' ń gbìyànjú láti díj
yor_0189_topic,politics
yor_0189_headline,Dino Melaye: Ẹgbẹ́ òṣèlú PDP ní Abuja fìdí rẹmi níbi ètò
yor_0190_topic,politics
yor_0190_headline,Àwọn gómìnà APC ní àwọn ọ̀dọ́ tó fẹ́ kí Tinubu ṣepade pẹ̀lú
yor_0191_topic,politics
yor_0191_headline,Afenifere ilẹ̀ Yorùbá kéde èròńgbà rẹ̀ láti dá ẹgbẹ́ òṣ
yor_0192_topic,politics
yor_0192_headline,Osun Governorship Election 2022: Ademola Adeleke àti èèyàn mọ́kandínlọ́gbọ́n ní
yor_0193_topic,politics
yor_0193_headline,Queen Elizabeth II: Àwọn ọmọ Nàìjíríà tó kéde ìpàdòdò ọkọ̀ Arẹmọ Philip
yor_0194_topic,politics
yor_0194_headline,Dino Melaye: Ẹgbẹ́ òṣèlú APC kò yẹ kí Tinubu ṣe lọ́kẹ́
yor_0195_topic,politics
yor_0195_headline,Sẹnatọ̀ Adele Gomez: Iléeṣẹ́ ọlọ́pàá Osun kọlu ṣẹ́nétọ̀
yor_0196_topic,politics
yor_0196_headline,Afenifere: Ẹgbẹ́ tó ń ja fún ìpenija ààbò ilẹ̀ Yorùbá
yor_0197_topic,politics
yor_0197_headline,Ademola Adeleke: Oluwo tí ìlú Iwo ti kí gómìnà tí wọ́n ṣẹ́ṣẹ̀ yàn
yor_0198_topic,politics
yor_0198_headline,Ẹgbẹ́ Afenifere ṣàlàyé ẹni tí wọ́n máa ṣe àtìlẹ̀y
yor_0199_topic,politics
yor_0199_headline,Họnọrebu Sobur Ọlawale: Aṣòfin ní ìpínlẹ̀ Eko ṣojú fún ẹ̀kún
yor_0200_topic,politics
yor_0200_headline,Ìyàwó ẹni tí wọ́n fọ́wọ́ sí Tinubu fún ìpò gómìnà ì
yor_0201_topic,politics
yor_0201_headline,Doyin Okupe: Ẹgbẹ́ òṣèlú Labour kọ̀wé ìpolongo olùdíje sílẹ
yor_0202_topic,politics
yor_0202_headline,Florence Ajimobi: Ìyàwó gómìnà ìpínlẹ̀ Oyo jáde láyé
yor_0203_topic,politics
yor_0203_headline,Nigeria debt burden: Buhari ní àwọn ọmọ Nàìjíríà tó lè mọ́ ìyà
yor_0204_topic,politics
yor_0204_headline,Gani Adams: Ẹnikẹ́ni tí ààrẹ Muhammadu Buhari fi ìwé ofin Nàìjíríà
yor_0205_topic,religion
yor_0205_headline,Sunday Igboho: Àwọn èèyàn tó ń wọ nínú ilé àtijọ́ tí wọ́n
yor_0206_topic,politics
yor_0206_headline,2023 General Election Project: N kò ní ₦30bn láti díje àwọn ohun tí INEC gbé ní
yor_0207_topic,health
yor_0207_headline,Ishuku Abbo: Àwọn agbébọn tó pa mọ́lẹ́bí ìyàwó rẹ̀ kan ní Abuja
yor_0208_topic,politics
yor_0208_headline,Ilana Omo Oodua: Igbakeji adarí ẹgbẹ́ Ilana Oduduwa kọ́we fi ipò sílẹ
yor_0209_topic,politics
yor_0209_headline,Buhari kò gbọdọ̀ kawọ́ gbogbo ọmọ Nàìjíríà lọ́wọ́ - Agbẹnus
yor_0210_topic,politics
yor_0210_headline,INEC ṣéeṣè lábẹ̀ ofin lati bẹrẹ ètò ìpọ
yor_0211_topic,politics
yor_0211_headline,Ìdí tí Banky W gbà Ticket Ègbé òsèlú PDP nínú ètò ìdìbò ab
yor_0212_topic,politics
yor_0212_headline,Àwọn ẹgbẹ́ àjẹ́tọ̀ ń fẹ́ kí ààrẹ ṣe ìdìbò
yor_0213_topic,politics
yor_0213_headline,Adegboyaga Oyetọla: Àwọn olóṣèlú àti òṣìṣẹ́ tó bá ìjọba à
yor_0214_topic,politics
yor_0214_headline,Oluṣẹgun Ọbasanjo: Àwọn ọ̀dọ́ Nàìjíríà tí wọ́n fi ìyà sílẹ
yor_0215_topic,politics
yor_0215_headline,Ogun Election 2019: Amosun ní òun kò ṣe atilẹ́yìn fún Dapo Abiodun láti ṣe
yor_0216_topic,politics
yor_0216_headline,Àwọn gómìnà Nàìjíríà sọ̀rọ̀ lórí ìṣoro tó ń dojúkú ní
yor_0217_topic,politics
yor_0217_headline,Seyi Makinde: Makinde ní òun sàn láti pari ààwọ̀ pẹ̀lú àwọn ì
yor_0218_topic,politics
yor_0218_headline,Rochas Okorocha: EFCC fi ìpa mu gómìnà ìpínlẹ̀ Imo tẹ́lẹ̀ nínú il
yor_0219_topic,religion
yor_0219_headline,Sunday Igboho: Àdúrà ìjọba ìpínlẹ̀ Ogun fèsì sí ìgbà pípé ojú
yor_0220_topic,politics
yor_0220_headline,Fayemi: Gómìnà ilẹ̀ Yorùbá ní kò sí ìpenija wálá àwọn adarí ẹ
yor_0221_topic,politics
yor_0221_headline,Femi Falana: Ẹgbẹ́ méjì tó ń ṣejọba ilẹ̀ Nàìjíríà láti
yor_0222_topic,health
yor_0222_headline,Duke Edinburgh: Ọmọba Philip ti gba ìtújú lọ́wọ́ nílé ìwòsàn lẹ́
yor_0223_topic,politics
yor_0223_headline,Yoruba Nation: Ilééṣẹ́ ọlọ́pàá Eko fèsì sí ọta ibọn pa ọmọ ọd
yor_0224_topic,politics
yor_0224_headline,Àwọn ọmọ ìgbẹ́ òṣèlú tó fọwọ́ sí atúnṣe tuntun sí òfin Nà
yor_0225_topic,politics
yor_0225_headline,Kayode Fayemi: Ẹgbẹ́ lọbalọ́ba Ekiti buwọ́lu Fayemi fún ìdìbò
yor_0226_topic,politics
yor_0226_headline,Bukola Saraki: Ìjọba Kwara ṣe wo ilé arugbo lulẹ láàárọ Ọjọbọ
yor_0227_topic,politics
yor_0227_headline,Àwọn gómìnà ìpínlẹ̀ mẹ́rindínlóji ní Nàìjíríà sọ pé ìjọ
yor_0228_topic,politics
yor_0228_headline,Àwọn tó díje dupò gómìnà borí nínú ìdìbò abẹ́lé PDP rèé é
yor_0229_topic,politics
yor_0229_headline,Ẹgbẹ́ ìjọba àpapọ̀ Nàìjíríà ti tú àwọn ọmọ ogún Nà
yor_0230_topic,politics
yor_0230_headline,Adegboyeye Oyetọla: Àwọn ọmọ ìpínlẹ̀ Osun fẹsẹ̀ kan de ìjọba
yor_0231_topic,politics
yor_0231_headline,Oyo House of Assembly: Ilé éjọ́ sún ìgbésẹ́ ọmọ ilé igbimọ̀ òfin
yor_0232_topic,politics
yor_0232_headline,Bola Tinubu: Ẹgbẹ́ òṣèlú Afenifere buwọ́lu olùdíje Tinubu lẹ́y
yor_0233_topic,politics
yor_0233_headline,2023 Presidency: Tinubu ní ìdí tí APC yan Shettima gẹ́gẹ bí igbákejì rẹ̀ fú
yor_0234_topic,politics
yor_0234_headline,2023 Presidency: Ààrẹ Buhari ní ọdún tó ṣe pàtàkì sí ìgbésí ayé
yor_0235_topic,politics
yor_0235_headline,Seyi Makinde: Ọlọ́run ní mo ṣetán láti borí ìbò gómìnà ìpínlẹ̀
yor_0236_topic,politics
yor_0236_headline,Asiwaju ń lọ sí ilẹ̀ Hausa lemọ̀ lemọ́ láti fa ojú wọn mọra pẹ̀
yor_0237_topic,politics
yor_0237_headline,INEC kéde ọjọ́ tí ìdìbò 2023 yóò wáyé
yor_0238_topic,politics
yor_0238_headline,Ayo Adebanjo: Ẹ̀yin olùdíje ààrẹ fẹ́gbẹ́ òṣèlú PDP
yor_0239_topic,politics
yor_0239_headline,"Ademola Adeleke àti Adegboyaga Oyetọla sọ̀rọ̀ lórí ìwàkùsà,"
yor_0240_topic,politics
yor_0240_headline,Adebayo Adelabu: Ẹgbẹ́ òṣèlú PDP borí ìbò gómìnà lẹ́yìn
yor_0241_topic,politics
yor_0241_headline,Seyi Makinde: Gómìnà Makinde ní òun kò jẹ́ oe àti ìgbà
yor_0242_topic,politics
yor_0242_headline,Adebayo Alao Akala: Olamijuwonlo ní òun kò nílò ọ̀rọ̀ òṣèlú
yor_0243_topic,politics
yor_0243_headline,Oluwarotimi Akeredolu: Buhari kí gómìnà Ondo kó orúire ìyànsípò góm
yor_0244_topic,politics
yor_0244_headline,Atiku ní àwọn ọmọ Nàìjíríà ló sọ nípa ìjọba awarawa à
yor_0245_topic,politics
yor_0245_headline,Olaniyi Ben Agboola: Ọ̀pọ̀ àwọn tó ń díje fún ipò gómìnà ìpín
yor_0246_topic,politics
yor_0246_headline,2023 Presidency: Ẹ jẹ kí àwọn èèyàn dibo fún ẹgbẹ́ òṣèlú
yor_0247_topic,politics
yor_0247_headline,Ekiti 2022: Ẹgbẹ́ ADC le fọwọsowọ́pọ̀ yanju ìṣoro Ekiti lásìkò
yor_0248_topic,politics
yor_0248_headline,Bola Tinubu vs Tinubu: Buhari ní òun ṣetán láti ìpolongo ìbò fún Tinubu
yor_0249_topic,politics
yor_0249_headline,Bayelsa Election: Kate Abiri ṣe ìbùrà fún Douye Diri gẹ́gẹ bi gómìnà
yor_0250_topic,politics
yor_0250_headline,Osun election 2023: Ẹgbẹ́ òṣèlú APC ní ìpínlẹ̀ Osun fi ìdí rẹ
yor_0251_topic,politics
yor_0251_headline,Ìdí tí wọ́n bu ẹnu àtẹ lu ẹgbẹ́ òṣèlú PDP àti A
yor_0252_topic,politics
yor_0252_headline,PDP Crisis: Gómìnà Ondo ń kò darapọ̀ mọ́ ẹgbẹ́ òṣèlú P
yor_0253_topic,politics
yor_0253_headline,Adeyinka Ali: Ẹgbẹ́ òṣèlú APC ní Ekiti sọ pé òun yóò ṣe
yor_0254_topic,politics
yor_0254_headline,Tunde Bakare: Ẹ̀yà míran ní Nàìjíríà yóò fẹ́ díje fún i
yor_0255_topic,politics
yor_0255_headline,Ekiti Governorship Election Result 2022: Ṣé lóòtọ́ ni àwọn ìjọba ìpínlẹ̀ Ekiti
yor_0256_topic,politics
yor_0256_headline,Ìjọba ICPC kéde pé àwọn n wa ọkọ̀ ọmọ Aàrẹ Buhari lásìkò ì
yor_0257_topic,politics
yor_0257_headline,Ìbẹ̀rù-bò tó gbalẹ̀ ní ìpínlẹ̀ Anambra nítorí ẹ̀rí ẹ
yor_0258_topic,politics
yor_0258_headline,Buhari ní ìjọba òun kò ní sinmi àti láti pèsè ètò àbò
yor_0259_topic,politics
yor_0259_headline,Jaylen Smith: Ọmọ ọdún méjìdínlógún diboyan láti ṣiṣẹ́ bí adarí ìlù
yor_0260_topic,politics
yor_0260_headline,Olusegun Obasanjo: Mi ò ni ààyè lara àwọn oloṣelu to n díje
yor_0261_topic,health
yor_0261_headline,Lekki Toll Gate: Àwọn ajífẹ́tọ̀ tó runpa rùsẹ́ sí ìwọ́de EndSARS
yor_0262_topic,politics
yor_0262_headline,Bola Tinubu: Ẹgbẹ́ òṣèlú APC ń dá ìwé àṣẹ́ Falana lórí
yor_0263_topic,politics
yor_0263_headline,Ademola Adeleke: Gómìnà kẹfà ìpínlẹ̀ Osun ló ti bẹ̀rẹ̀ iṣẹ́
yor_0264_topic,politics
yor_0264_headline,Bola Tinubu: Ẹgbẹ́ òṣèlú PDP sọ pé àseyọrí Tinubu ń ṣeru ba
yor_0265_topic,politics
yor_0265_headline,Àwọn ọmọ Nàìjíríà tí wọ́n padà sílé ní ìpínlẹ̀ ìlú London
yor_0266_topic,health
yor_0266_headline,Coronavirus in Nigeria: Àwọn òṣìṣẹ́ ìjọba Oyo mẹ́ta gbìmọ̀ pọ̀ nítor
yor_0267_topic,politics
yor_0267_headline,Adebayo Adelabu: Ọlọ́run ti yan òun láti di gómìnà ìpínlẹ̀ Oyo ní 2023
yor_0268_topic,politics
yor_0268_headline,Salihu Mustapha: Kìí ṣe ti owó lóun ń ba lọ́wọ́ àṣòfin Kwara
yor_0269_topic,politics
yor_0269_headline,Debate: BBC Yoruba bẹ̀rẹ̀ ìpàdé ìtìkùrọ̀sọ̀ Debate laarin à
yor_0270_topic,entertainment
yor_0270_headline,Eyiwummi Muka Aramide: Gbajumọ̀ òṣèré fíìmù ayòsàn lórí ọrọ̀
yor_0271_topic,politics
yor_0271_headline,Bola Tinubu: Ẹgbẹ́ òṣèlú Ariwa ń gbìmọ̀ láti yọ ọwọ́ Tin
yor_0272_topic,politics
yor_0272_headline,Gómìnà kọ́ọ̀kan bẹ̀rẹ̀ 'ReStructing' ní ìpínlẹ̀ Ganduje
yor_0273_topic,politics
yor_0273_headline,Femi Fani-Kayode: EFCC mu mi sí àago mẹ́jọ́ ọ̀sán láti yọjú
yor_0274_topic,politics
yor_0274_headline,Bola Tinubu: Ẹgbẹ́ òṣèlú PDP ní ìpolongo ìdìbò ààrẹ
yor_0275_topic,politics
yor_0275_headline,Ṣé lóòtọ́ ni ìwé ìfìlọ́lẹ̀ nípa ẹ̀wà àti
yor_0276_topic,politics
yor_0276_headline,Edo election 2020: INEC fi Godwin Obaseki ní ìwé-ẹri moyige lẹ́yìn tó jáwé
yor_0277_topic,politics
yor_0277_headline,Baba Isalẹ: Ẹgbẹ́ òṣèlú Nàìjíríà ń díje dupò gómìnà ní
yor_0278_topic,politics
yor_0278_headline,Xi Jinping: Ààrẹ orílẹ̀èdè China sọ pé gbogbo agbalayé ní China
yor_0279_topic,politics
yor_0279_headline,Ẹnikẹ́ni tó bá daranjẹ́ ko láàárín ìgboro yóò san owó ìtan
yor_0280_topic,politics
yor_0280_headline,Gbenga Daniel: Alukoro ẹgbẹ́ òṣèlú PDP ní Nàìjíríà sọ pé kó
yor_0281_topic,religion
yor_0281_headline,"Pásítọ̀ Congo sọ pé ìyàwó omidan márùn ún, kìí ṣe èṣè"
yor_0282_topic,religion
yor_0282_headline,Shiite: Ẹgbẹ́ Shiite kéde pé òun ti wọ́gilé àwọn ìwọ́de gbogbo
yor_0283_topic,religion
yor_0283_headline,TB Joshua burial: Àwọn èèyàn tó ń ṣedárò nínú ìjọ Synagogue nípa
yor_0284_topic,religion
yor_0284_headline,Ìfẹhonuhan tó bẹ̀ sílẹ̀ lẹ́yìn ikú obìnrin kan ní àwọn agbofin
yor_0285_topic,religion
yor_0285_headline,Chris Oyakhilome: Ìjọba ilẹ̀ Gẹẹ́sì fòfin de ilééṣẹ́ ìgbohuns
yor_0286_topic,religion
yor_0286_headline,Temitope Joshua: Ayẹyẹ ètò ìsìn ìdagbere bẹ̀rẹ̀ fún olóòg
yor_0287_topic,politics
yor_0287_headline,Tunde Bakare: Ẹgbẹ́ òṣèlú PDP yọ àwọn èèyàn fojú ì
yor_0288_topic,religion
yor_0288_headline,Bisọ́ọ̀bù ìjọ Winner sọ̀rọ̀ lórí ohun tó yẹ kí àwọn Pás
yor_0289_topic,entertainment
yor_0289_headline,Ifedayo Olarinde: Daddy Freeze ní ilé ẹjọ́ ko sanwó ìtanran pẹ̀lú ìy
yor_0290_topic,entertainment
yor_0290_headline,Osinachi Nwachukwu: Àwọn ọmọ òṣèré tí wọ́n fi ẹ̀sùn ikú
yor_0291_topic,religion
yor_0291_headline,Boxing Day: Wo àwọn ohun tó yẹ kí wọ́n máa ń di ẹ̀bùn ọd
yor_0292_topic,religion
yor_0292_headline,Joseph Ogundeji: Àwọn ọmọ ìjọ Krìsùlùmí ló pọ̀ nínú àṣemá
yor_0293_topic,religion
yor_0293_headline,CAN gbàdúrà fún àwọn ọmọlẹ́yìn Kristi ní Nàìjíríà - CAN
yor_0294_topic,religion
yor_0294_headline,TB Joshua: Ìjọ Synagogue yan ìyàwó òlùgbé Wolii Joshua gẹ́g
yor_0295_topic,religion
yor_0295_headline,Evangelist Funmilayo Adebayo: Ẹ wo àwòrán ìwàásù rẹ̀ tí wọ́n ń
yor_0296_topic,religion
yor_0296_headline,Baba Keresi: Àwọn ọmọdé nípa ìtàn ayé àtijọ́ tó ń wọ aṣọ
yor_0297_topic,politics
yor_0297_headline,Femi Gbajabiamila sọ̀rọ̀ sókè lórí ìdí tí ààfin ilẹ̀ Yorùbá
yor_0298_topic,religion
yor_0298_headline,Ajani Godwin Babalola: Ọlọ́run ló fi sí mi lọ́wọ́ àmọ́ ìyàwó mi
yor_0299_topic,religion
yor_0299_headline,Valentine's day: Mike Bamiloye sọ̀rọ̀ lórí ọrọ̀ àyájọ olólùfẹ́ tí
yor_0300_topic,health
yor_0300_headline,"Ọmọ Nàìjíríà ní ìṣẹ́ ni iṣẹ́ n jẹ́, kò sí nkán tí"
yor_0301_topic,religion
yor_0301_headline,Ìjọba India bẹ̀rù àrùn ẹ̀yà Hindu lẹ́yìn tí wọ́n ṣí
yor_0302_topic,religion
yor_0302_headline,Muslim wife's death: Ọmọ ọdún mẹ́jọ́ tí wọ́n fẹ́sùn pé o
yor_0303_topic,religion
yor_0303_headline,Dare Adeboye: Àwọn ọmọ ìjọ Redeem gbàjarí nínú ìsìnkú òlóògbé
yor_0304_topic,religion
yor_0304_headline,Ondo Church: Ọwọ́ ọlọ́pàá tẹ alufa ìjọ kan ní Ondo ní ìtànj
yor_0305_topic,religion
yor_0305_headline,TB Joshua: Àwọn èèyàn gbọdọ̀ ṣe àpèjù àti ìtàn ayé díẹ
yor_0306_topic,entertainment
yor_0306_headline,Ìyàwó Timi Dakolo sọ̀rọ̀ sókè lórí ẹ̀sùn tí Fatoyinbo yọ
yor_0307_topic,religion
yor_0307_headline,RCCG reopening: Àwọn ọmọ ìjọ Redeem gbé nínú ṣọ́ọ̀ṣì lásìkò ì
yor_0308_topic,religion
yor_0308_headline,Wo bi Orunmila àti Mechizetik inú Bíbélì ṣe tan mọ ara wọn - Peter Fatomilola
yor_0309_topic,religion
yor_0309_headline,Coronavirus in Nigeria: Ìjọba Eko buwọ́lu ètò ìsìnkú TB Joshua lẹ́yìn tó j
yor_0310_topic,religion
yor_0310_headline,Chris Okotie: Bí ọmọ Nàìjíríà tí wọ́n ti sọ̀rọ̀ lórí ọ̀rọ
yor_0311_topic,religion
yor_0311_headline,Hijab: Àwọn ọmọlẹ́yìn Kristiẹni sọ̀rọ̀ nípa ohun tó fa ìjà ẹ
yor_0312_topic,religion
yor_0312_headline,Hijab: Ìjọba Kwara kéde pé kawọn iléẹ̀kọ́ mẹ́wà pa tẹ́lẹ̀
yor_0313_topic,religion
yor_0313_headline,Imam fuad Adeyemi: Àwọn onímọ̀ ẹ̀sìn sọ pé ìwà ipá nínú
yor_0314_topic,religion
yor_0314_headline,Ethiopia church crusade: Àwọn èèyàn kan ti dana sun ọpọ̀ ṣọ́ọ̀ṣì ní
yor_0315_topic,religion
yor_0315_headline,Samuel Ajayicrowther: Àwọn ohun tó yẹ kí o mọ̀ nípa ìtàn ayé rẹ̀
yor_0316_topic,religion
yor_0316_headline,Coronavirus in Nigeria: Ìjọ kò ní gbé kọkọrọ sẹnu ilé ìjọsin nítorí Coronavirus
yor_0317_topic,religion
yor_0317_headline,"Enoch Adeboye: Ẹ má gbàdúrà fún ìyàwó mi nítorí ẹ̀dáwó mi,"
yor_0318_topic,religion
yor_0318_headline,Deji Olakeen: Ilé ìjọsìn ní Ogun fẹ́sùn pé ó gbìyànjú láti pa
yor_0319_topic,religion
yor_0319_headline,Ẹlẹ́sìn meji tó ń dọwẹ́ lórí ọkọ̀ tí ìmáàmù ìjọ
yor_0320_topic,religion
yor_0320_headline,TB Joshua burial: Ọba Yisa Olanipekun ní Arigidi sọ pé ìfẹ́ gbogbo ọmọ
yor_0321_topic,religion
yor_0321_headline,Emmanuel Folorose: Pásítọ̀ Elijah Abiga padàní ọmọ rẹ̀ ọdún 2021
yor_0322_topic,religion
yor_0322_headline,2023 prophecies: Imam Sabiat Olugoke ní ìjọba Naijiria lọ́gbọ́n àti agbábọ
yor_0323_topic,religion
yor_0323_headline,Pastor David Anifowoṣe: Ilé ẹjọ́ sún ìgbẹ́jọ́ Pásítọ̀ David àti
yor_0324_topic,religion
yor_0324_headline,Sotitobire: Ilé ẹjọ́ sún ìdájọ́ ẹ̀sùn jìbìí ọmọde
yor_0325_topic,religion
yor_0325_headline,Hijab Crisis: Ìjọba Kwara dá iléẹ̀kọ́ Hijaabu sílẹ̀ padà ní Kwara
yor_0326_topic,religion
yor_0326_headline,Dare Adeboye: Ilé ìtàn ayé tí ọmọ rẹ̀ padà lọ́wọ́ Pásítọ̀ Dare
yor_0327_topic,religion
yor_0327_headline,Ramadan: Àwọn èèyàn ṣe ní ọjọ́ Arafa ní 2021
yor_0328_topic,religion
yor_0328_headline,Catholic Diocese: CAN fi ìwé ránṣẹ́ sí ọmọ lẹ́yìn Kristi láti inú ẹ
yor_0329_topic,religion
yor_0329_headline,Ajimobi Church: Àwọn ọmọ ìjọ Aguda ní ìwọ́de tako àwọn ìṣèkù
yor_0330_topic,religion
yor_0330_headline,"Pope Francis: Àwọn alufaa ijọ naa, lobinrin àti òun fìì"
yor_0331_topic,religion
yor_0331_headline,Ilé ẹjọ́ tó ga jùlọ ní Nàìjíríà sọ pé àwọn akẹ́kọ́ọ
yor_0332_topic,politics
yor_0332_headline,Kwara Baptist High School: Ìgbìmọ̀ olùwádìí ti ìjọba ìpínlẹ̀ Kwara ṣ
yor_0333_topic,religion
yor_0333_headline,Hijab in Nigeria: MURIC ní kò sí ìwọ́de láti fi ẹ̀họ́nù hàn lórí
yor_0334_topic,religion
yor_0334_headline,Pásítọ̀ ìjọ Redeem sọ̀rọ̀ nípa ìyàwó rẹ̀- Adeboye
yor_0335_topic,religion
yor_0335_headline,Enoch Adeboye sọ pé owó Nàìjíríà yóò padà níyí lawùjọ́ à
yor_0336_topic,entertainment
yor_0336_headline,Jaiye Kuti sọ ìrírí rẹ̀ lẹ́yìn ikú TB Joshua sí òun
yor_0337_topic,religion
yor_0337_headline,Hajj 2021: Ṣé lóòtọ́ ni àjọ àpapọ̀ kéde pé ìrìnàjò
yor_0338_topic,religion
yor_0338_headline,Pásítọ̀ Paul Adefarasin sọ̀rọ̀ lórí ohun tó yẹ kí wọn fi Naijiria sílẹ
yor_0339_topic,religion
yor_0339_headline,CAN youth leader: Ẹgbẹ́ ọmọlẹ́yìn Kristi ní Nàìjíríà ń fẹ́ kí
yor_0340_topic,religion
yor_0340_headline,Lekki-Epe Primary: Àwọn òṣìṣẹ́ ọmọ ìjọ tí wọ́n fẹ́sùn
yor_0341_topic,religion
yor_0341_headline,Oduduwa Republic: Sunday Igboho ní àwọn ọmọ Yorùbá yóò gbé ìpẹ́jọ́ pé
yor_0342_topic,religion
yor_0342_headline,Eṣu celebration: Ṣé lóòtọ́ ni ìdí iṣẹ́ burúkú ló mú kí ọps
yor_0343_topic,religion
yor_0343_headline,Imam Abubakar: Imam ní àwọn Krìstẹ́nì tó ń gbé òkú wọn láyé
yor_0344_topic,religion
yor_0344_headline,Woli Israel Oladele: Ìtàn ìgbésẹ̀ ayé rẹ̀ nítorí ẹlẹ́sìn Islam
yor_0345_topic,sports
yor_0345_headline,Mikel Arteta: Ẹgbẹ́ agbábọ́ọ̀lù Arsenal kéde Mikel àti akọ́nimọ̀
yor_0346_topic,religion
yor_0346_headline,Anthony Joshua's son: Wo ohun tó yẹ kí ìbẹ̀rẹ̀ ẹbí Joshua daadaa
yor_0347_topic,sports
yor_0347_headline,Nigeria vs Benin Republic: Sunday Dare rọ̀ ẹgbẹ́ agbábọ́ọ̀lù Super Eagles Nàìjírí
yor_0348_topic,sports
yor_0348_headline,FA Cup: Arsenal fi ja ife FA Cup mọ́ Chelsea lọ́wọ́
yor_0349_topic,sports
yor_0349_headline,AFCON qualifiers 2021: Àwọn Lesotho lu Lesotho mọ́lé wọn nínú ìfẹsẹ̀wọnsẹ
yor_0350_topic,sports
yor_0350_headline,Nigeria vs Egypt: Ẹgbẹ́ Super Eagles ní Egypt ń fi ìdunu wọn lórí ìfẹs
yor_0351_topic,sports
yor_0351_headline,NFF fi ẹ̀dún ọ̀kan rẹ̀ hàn lórí ikú òṣìṣẹ́ ètò ì
yor_0352_topic,sports
yor_0352_headline,Tobi Amusan sọ ìrírí rẹ̀ àti bo ṣe di àmì ẹ̀yẹ ìdíje
yor_0353_topic,sports
yor_0353_headline,"Liverpool vs Chelsea: Chelsea lu Liverpool mọ́lé, ẹgbẹ́ agbábọ́ọ̀lù Liverpool lẹ́yìn tí"
yor_0354_topic,sports
yor_0354_headline,AFCON 2019: Ṣé lóòtọ́ ni ìkọ̀ Senegal yóò gbá ìfẹsẹ̀wọn
yor_0355_topic,sports
yor_0355_headline,"Chelsea vs Liverpool: Chelsea yọ ìyà ẹni lọ, ẹ̀yìn rẹ̀ jẹ́ lọ"
yor_0356_topic,sports
yor_0356_headline,Bode Thomas: Àwọn ọmọ Yorùbá tó ń gbe ilẹ̀ Afrika lẹ́yìn tí Naijiria àti
yor_0357_topic,sports
yor_0357_headline,NBABasketball: Ilééṣẹ́ ère ìdárayá yọ ikọ̀ àpapọ̀ Nàì
yor_0358_topic,sports
yor_0358_headline,India vs Cricket: Àwọn olólùfẹ́ eré ìdárayá India ń dá tí ọ̀rọ̀
yor_0359_topic,sports
yor_0359_headline,Liverpool: Klopp buwọ́lu àdéhùn ọlọ́ọ́dún meji pẹ̀lú ẹgbẹ́
yor_0360_topic,sports
yor_0360_headline,"AFCON 2021: Fecafoot ní kò sí ọjọ́ kẹ́san, oṣù Kẹ̀sàn,"
yor_0361_topic,entertainment
yor_0361_headline,Tijani Azeez: Ọmọ ọdún mẹ́rinlá àbẹ́ṣẹ́kúbiojo ń kọ ẹ
yor_0362_topic,sports
yor_0362_headline,"Ronaldo Delima: Ẹlẹ́sẹ̀ ayò, Ronaldo àti Ronaldo jáde láyé"
yor_0363_topic,religion
yor_0363_headline,Suzzane Wenger: Wo àwọn ohun mánigbàgbé nípa ẹ̀sìn àbàáy
yor_0364_topic,sports
yor_0364_headline,Premier League: Arsenal gba ife ẹ̀yẹ Premier League láì fidi rẹmi nínú ìdíje Premier League
yor_0365_topic,sports
yor_0365_headline,Arsenal vs Tottenham: Tottenham fi omi tẹ́yìn wọ́ Arsenal lẹ́nu ní ìfẹsẹ̀
yor_0366_topic,sports
yor_0366_headline,World Cup qualifier: Super Falcons Nàìjíríà ló dáná nínú ìdíje ife ẹ̀yẹ
yor_0367_topic,health
yor_0367_headline,Mike Tyson: Ìjọba Malawi kọ̀wé ẹbẹ̀ rànsẹ́ sí Mike TYson pé kó
yor_0368_topic,sports
yor_0368_headline,Women's Africa Cup of Nations: Morocco àti Burkina Faso yóò gbá ife ẹ̀yẹ bọ
yor_0369_topic,sports
yor_0369_headline,Ronaldinho àti àgbẹ́jọ́rò kò gbọdọ̀ jẹ́bì ẹ̀sùn tí
yor_0370_topic,sports
yor_0370_headline,Man United vs Chelsea: Ole Gunnar Solskjaer ní àwọn rẹ́fì ṣe kọ́ láti fún Man
yor_0371_topic,sports
yor_0371_headline,Samuel Okwaraji: Àwọn olólùfẹ́ eré bọ́ọ̀lù Nàìjíríà ṣùgbọ
yor_0372_topic,sports
yor_0372_headline,Unai Emery: Ẹgbẹ́ agbábọ́ọ̀lù Arsenal ṣàlàyé pé Emery kọ́wọ́
yor_0373_topic,sports
yor_0373_headline,Jose Mourinho: Ṣé lóòtọ́ ni akọ́nimọ̀ọ́gbá tuntun Tottenham lẹ́yìn
yor_0374_topic,sports
yor_0374_headline,Brighton vs Arsenal: Àwọn alòkò ìdìjé Premier League wọ́gilé ìfẹsẹ̀wọnsẹ
yor_0375_topic,sports
yor_0375_headline,Anthony Joshua vs Fury: AJ bẹ̀rẹ̀ ìgbáradì fún ìjà rẹ̀ pẹ̀lú Fury
yor_0376_topic,sports
yor_0376_headline,Nigeria vs Nigeria: Mikel Obi ní òun ṣetán láti fi ẹgbẹ́ agbábọ́ọ̀lù Na
yor_0377_topic,sports
yor_0377_headline,Liverpool vs Arsenal: Ṣé lóòtọ́ọ́ ni àmì ayò méjì sùgbà fún
yor_0378_topic,sports
yor_0378_headline,Barcelona vs Real Madrid: Messi jẹ Real Madrid lọ́wọ́ ẹgbẹ́ agbábọ́ọ̀lù Barcelona lẹ
yor_0379_topic,sports
yor_0379_headline,Sergio Agüero sọ pé ẹ̀rù àti padà sí pápá ń bá àwọn gbajúgbajà
yor_0380_topic,sports
yor_0380_headline,Nigeria vs Tunisia: Super Eagles ti pari ife ẹ̀yẹ̀wọnsẹ̀ wọn nínú ìdíje Af
yor_0381_topic,sports
yor_0381_headline,Benzema ló gba àmì ẹ̀yẹ Ballon d’Or ní ọdún 2021
yor_0382_topic,sports
yor_0382_headline,Manchester United vs Arsenal: Manchester United àti Arsenal ló fẹ́ kúrò nínú ìdíje EPL
yor_0383_topic,sports
yor_0383_headline,NBA: Ẹgbẹ́ agbẹjọ́rò ní Nàìjíríà bẹ̀rẹ̀ ikú ọmọ ẹ
yor_0384_topic,sports
yor_0384_headline,Nigeria vs Qatar 2022: Báwo ni ìdíje ife ẹ̀yẹ àgbáyé ọdún 2022
yor_0385_topic,sports
yor_0385_headline,Leicester city vs Aston Villa: Leicester City yọ lọ́wọ́ ìdíje Carabao Cup lẹ́nu
yor_0386_topic,sports
yor_0386_headline,Messi ni àgbàọ̀lù to dara jùlọ nínú ìtàn?
yor_0387_topic,sports
yor_0387_headline,Lionel Messi gba àmì ẹ̀yẹ Ballon D'Or fún ìgbà kẹ́fa
yor_0388_topic,sports
yor_0388_headline,UFC 261: Isreal Adesanya gba àmì Ẹ̀yẹ UFC lẹ́yìn tó la Robert Whittaker mọ́
yor_0389_topic,sports
yor_0389_headline,Chelsea vs Chelsea:Lampard di akọ́nimọ̀ọ́gbá tuntun fún Chelsea lẹ́yìn tí Tuchel di
yor_0390_topic,sports
yor_0390_headline,"UFC 245: Kamaru Usman lu Colby Covington, ọmọ Nàìjíríà tó fẹ́ṣẹ́kùbí"
yor_0391_topic,sports
yor_0391_headline,Liverpool vs Manchester City: Liverpool sọ àmì ayò tí wọ́n fi jù Manchester City lọ nínú ìdíj
yor_0392_topic,sports
yor_0392_headline,Arsenal vs Newcastle: Aubameyang gba góòlù meji sí àwọn lẹ́yìn tí Arsenal lu Newcastle
yor_0393_topic,sports
yor_0393_headline,Megan Rapinoe: Èyí ni ìgbà kẹrin tí America gba ife ẹ̀yẹ àgbáy
yor_0394_topic,sports
yor_0394_headline,Kelechi Iheanacho: Àwọn ọ̀dọ́ agbábọ́ọ̀lù Nàìjíríà ń j
yor_0395_topic,sports
yor_0395_headline,Frank Lampard fi ìdùn rẹ̀ hàn pẹ̀lú àmì ayò mẹ́rin sí odo
yor_0396_topic,sports
yor_0396_headline,Premier League: Wo àwọn ìfẹsẹ̀wọnsẹ́ tó kú nínú ìdíje Premier League lọ́
yor_0397_topic,sports
yor_0397_headline,Manchester United vs Crystal Palace: Norwich City fọ́ Man U lẹ́yìn ìyà lọ́wọ́ ẹgbẹ
yor_0398_topic,sports
yor_0398_headline,Ìjọba NFF fi ẹgbẹ́run mẹ́wàá tí kò fi owó ìrànwọ́
yor_0399_topic,sports
yor_0399_headline,Bianca Andreescu vs Serena Williams: Bianca ní ọdún mẹ́tadinlagun ni mo ti padà nínú
yor_0400_topic,sports
yor_0400_headline,AFCON 2022: Ẹgbẹ́ Super Falcons yóò kópa nínú ìfẹsẹ̀wọnsẹ́
yor_0401_topic,sports
yor_0401_headline,"Angel Gómes: Òótọ́ọ́ ni ọmọ ọdún mẹ́fà, ó ní ọ̀"
yor_0402_topic,sports
yor_0402_headline,CAF kéde orukọ̀ agbábọ́ọ̀lù obìnrin tí yóò kópa fún àmì ẹ
yor_0403_topic,sports
yor_0403_headline,Nigeria vs Cameroon: Ṣé lóòtọ́ọ́ ni Nàìjíríà àti Cameroon yóò wá
yor_0404_topic,sports
yor_0404_headline,National Sports Festival: Ìjọba àpapọ̀ sọ pé ìdíje òṣìré ìdárayá
yor_0405_topic,sports
yor_0405_headline,Manchester City vs Liverpool: Manchester City gba ife ẹ̀yẹ Community Shield lẹ́yìn tó kọjá sí ọ̀rọ̀
yor_0406_topic,health
yor_0406_headline,..Daga n'ihe ị kwesịrị ịma maka ndị na-abalị abụghị egwu
yor_0407_topic,sports
yor_0407_headline,Simon Adokwu: Akẹ́kọ̀ọ́ onílé ìmọ̀ nípa àwọn akẹ́gbẹ́
yor_0408_topic,sports
yor_0408_headline,Paul Onuachu ti kó àrùn coronavirus
yor_0409_topic,sports
yor_0409_headline,Yisa Soouwe: Àgbà ọ̀jẹ̀ agbábọ́ọ̀lù Abiola Babes ní Nàì
yor_0410_topic,sports
yor_0410_headline,Chelsea vs Man City: Chelsea ń gbàdúrà ọ̀ṣẹ́ rẹ̀ nínú ìdíje Premier League lẹ́
yor_0411_topic,sports
yor_0411_headline,Nigeria vs Cameroon: Àwọn ọmọ Nàìjíríà tí wọ́n ti borí ìfẹsẹ̀wọn
pcm_0001_topic,business
pcm_0001_headline,Ghana Private road to fuel dey reduce price of goods
pcm_0002_topic,business
pcm_0002_headline,Sterling knock out US biggest tax cut in 50 years
pcm_0003_topic,business
pcm_0003_headline,Nigeria Bureau of Statistics reveal how Nigeria inflation increase to 193%
pcm_0004_topic,business
pcm_0004_headline,"₦200, ₦500 notes: Nigerians dey react afta goment unveil new notes"
pcm_0005_topic,business
pcm_0005_headline,Ukraine War: Dubai don become di safe place for millions of pipo
pcm_0006_topic,business
pcm_0006_headline,Marwako apologize to customers for Ghana wey suffer food poisoning after dem patronize dema restaurant
pcm_0007_topic,business
pcm_0007_headline,Elon Musk wan end Twitter buy
pcm_0008_topic,business
pcm_0008_headline,Ghana introduce new e-levy on phone accounts - Protest
pcm_0009_topic,business
pcm_0009_headline,Ecowas lift sanctions on Mali
pcm_0010_topic,business
pcm_0010_headline,Bitcoin to cryptocurrency: Why di Nigeria goment dey allow di use of di cryptocurrency to settle dia cryptocurrency settlement
pcm_0011_topic,business
pcm_0011_headline,Nigeria vs Ghana: Trade wars between Nigeria and Ghana - Dis na wetin you need to know
pcm_0012_topic,business
pcm_0012_headline,Why Nigeria govnment approve new MPP Rate of 13 per cent
pcm_0013_topic,business
pcm_0013_headline,Why Nigerians dey reduce price of bread
pcm_0014_topic,entertainment
pcm_0014_headline,Ghana Tourism Authority set new record to welcome Africans den border
pcm_0015_topic,business
pcm_0015_headline,Ghana illegal mines: Why di ogbonge gold field dey take so long
pcm_0016_topic,business
pcm_0016_headline,"Budget Budget: Ministerial review, ministers collect N100 trillion naira as goment spend money plan to National Assembly"
pcm_0017_topic,business
pcm_0017_headline,OML-29 oil and gas tanker alleged 'explosion' for Nembe
pcm_0018_topic,business
pcm_0018_headline,Elon Musk Twitter: Tesla CEO strike deal to buy Twitter
pcm_0019_topic,business
pcm_0019_headline,Elon Musk Twitter user reply to buy Nigeria wey cause buzz
pcm_0020_topic,business
pcm_0020_headline,Bank of Ghana reveal against di debt stock of 209.6 billion - See how e mean for di Ghana
pcm_0021_topic,entertainment
pcm_0021_headline,BBNaija: Pere and Whitemoney clash for Big Brother Naija Shine Ya Eye housemates
pcm_0022_topic,entertainment
pcm_0022_headline,Harry song: Nigerian musician Harry song make pipo fear wen tori bin come out e dey battle with depression
pcm_0023_topic,entertainment
pcm_0023_headline,Audu Maikori pay tribute to Actress Rebecca Bakam wey die at di age of 40
pcm_0024_topic,entertainment
pcm_0024_headline,Oscar Nominations: Full details of di Oscars actress tok why e 'dismiss'
pcm_0025_topic,entertainment
pcm_0025_headline,BBNaija eviction: See wetin we learn from di housemates 'Truth and Dare' game
pcm_0026_topic,entertainment
pcm_0026_headline,Iyabo Ojo: Nollywood actress journey and experience with surgery
pcm_0027_topic,entertainment
pcm_0027_headline,British actor boyega win di 2020 GQ Men of di Year
pcm_0028_topic,entertainment
pcm_0028_headline,Oscar Nominations 2022: Who go win di 2022 Academy Awards?
pcm_0029_topic,entertainment
pcm_0029_headline,Nedu marriage: Nigerian celeb couple don bring dia mata enta Instagram just few days afta dem marriage
pcm_0030_topic,entertainment
pcm_0030_headline,P-square twins don end dia beef and reunite again - Nigerian musician Peter Okoye
pcm_0031_topic,entertainment
pcm_0031_headline,Actor Stanley Okoro death: Nollywood actor Ernest Okoro die at di age of 29
pcm_0032_topic,entertainment
pcm_0032_headline,BBNaija eviction: Lucy na di latest housemate to leave Big Brother Naija reality show
pcm_0033_topic,entertainment
pcm_0033_headline,Burna Boy: Grammy winner say im make Twice as Tall music video inside lockdown
pcm_0034_topic,entertainment
pcm_0034_headline,Enisa Twitter account: Nigerians dey gbadun Nigerian singer wey dey 'sorosoke' during End SARS protest
pcm_0035_topic,entertainment
pcm_0035_headline,"Grammy nominations 2021: Wizkid, Femi Kuti, Angelique Kidjo, and oda tins wey dem dey inside di"
pcm_0036_topic,entertainment
pcm_0036_headline,Davido reveal track list for di new Album - A Good Time
pcm_0037_topic,entertainment
pcm_0037_headline,Helen McCrory husband Damian Lewis: Actress Helen die from cancer
pcm_0038_topic,entertainment
pcm_0038_headline,Omah Lay: Nigerians begin 'dey call ahead of Uganda goment'
pcm_0039_topic,entertainment
pcm_0039_headline,Jojo Siwa and Jonathan Lyndele kirk: Di two rappers wey pipo dey call Theysef
pcm_0040_topic,entertainment
pcm_0040_headline,Erica BBNaija: Kidd Waya and Erica 'blow job' for Big Brother Naija lockdown season
pcm_0041_topic,entertainment
pcm_0041_headline,Rebecca Oniga: Tributes don dey inside Nollywood for di age of 63
pcm_0042_topic,entertainment
pcm_0042_headline,BB Pidgin: How pipo dey react to dia outfit
pcm_0043_topic,entertainment
pcm_0043_headline,Majek Fashek burial: Nigerian music legend wey die at di age of 57
pcm_0044_topic,entertainment
pcm_0044_headline,Ric Hassani: 'I no be Johnny just come' - See wetin dey happun
pcm_0045_topic,entertainment
pcm_0045_headline,"BBNaija: Tolanibaj say 'I no like Neo, I no like am'"
pcm_0046_topic,entertainment
pcm_0046_headline,Donda West new track list: American rapper release new record label and e be tok of town
pcm_0047_topic,entertainment
pcm_0047_headline,Ebun wedding: Nollywood Actress Bukunmi Oluwasina marry her long time lover Ebun
pcm_0048_topic,entertainment
pcm_0048_headline,"BBNaija housemates vote Laycon, Dorothy, Neo and Vee vote dia winner of di 2020 Big Brother Naija season 5 lockdown"
pcm_0049_topic,entertainment
pcm_0049_headline,DJ Cuppy: 'I no like to use my mother to become pipo'
pcm_0050_topic,entertainment
pcm_0050_headline,Ada Jesus: Nigerian comedian Ada Jesus say she dey sick wit kidneyProblem
pcm_0051_topic,entertainment
pcm_0051_headline,BBNaija: Why Big Brother TV show no dey 'legal' - See oda tins wey pipo dey tok
pcm_0052_topic,entertainment
pcm_0052_headline,Her Loss: Megan Thee Stallion and Serena Williams billionaire husband don chop sack afta e release of new album wey
pcm_0053_topic,entertainment
pcm_0053_headline,Nigerians wey dey watch 'sex for Grades'
pcm_0054_topic,entertainment
pcm_0054_headline,Obi Cubana wife Ebele Iyiegbu react to EFCC invite
pcm_0055_topic,entertainment
pcm_0055_headline,Baba Ijesha: Tapan BoT ban Iyabo Ojo and Nkechi Blessing for Yomiyinka Olanrewaju
pcm_0056_topic,entertainment
pcm_0056_headline,BBNaija eviction today: Michael Chukwuebuka Ngbela na new housemate to Shine Ya Eyes house
pcm_0057_topic,entertainment
pcm_0057_headline,Simi and Adekunle Gold [duduko] love and life inside dia two years marriage
pcm_0058_topic,entertainment
pcm_0058_headline,Aisha Khan and Kiran Rao announce say dem dey separat after 15 years of marriage
pcm_0059_topic,entertainment
pcm_0059_headline,Chidinma Ekile: Nigerian singer announce big career switch from gospel to gospel
pcm_0060_topic,entertainment
pcm_0060_headline,Zlatan vs DJ Cuppy: Jollof advice Zlatan to settle im beef wit Cuppy
pcm_0061_topic,entertainment
pcm_0061_headline,"Big Brother Naija Season 5 housemates eviction: How to cast your vote, see wetin you need to know"
pcm_0062_topic,entertainment
pcm_0062_headline,Beyoncé New Album: See how pipo dey react to dia new African video 'Black Is King'
pcm_0063_topic,entertainment
pcm_0063_headline,"Rita Dominic and Fidelis Anosike traditional marriage: Nollywood actresses, fans turn up in style to grace dia traditional"
pcm_0064_topic,entertainment
pcm_0064_headline,Naira Marley: EFCC don reveal more evidence against Nigerian singer
pcm_0065_topic,entertainment
pcm_0065_headline,BBNaija eviction today: Eric and Toyo na di latest housemate to comot from Big Brother Naija season 5 lockdown house
pcm_0066_topic,entertainment
pcm_0066_headline,US rapper juice Wrld die at di age of 21
pcm_0067_topic,entertainment
pcm_0067_headline,Fireboy DML remix: See di new ' Peru' song 'Purina' remix
pcm_0068_topic,entertainment
pcm_0068_headline,Joeboy new song 'Alcohol': Wetin be dis Nigerian singer beg fans to dey 'shut up' as dem dey
pcm_0069_topic,entertainment
pcm_0069_headline,TikTok don amend rules over disorder ection
pcm_0070_topic,entertainment
pcm_0070_headline,BBNaija: Erica reveal say Laycon neva tell me - See di reason why
pcm_0071_topic,entertainment
pcm_0071_headline,Fireboy DML: Nigerian singer wey pipo sabi about di new record label 'Lockdown'
pcm_0072_topic,entertainment
pcm_0072_headline,"Davido postpone social media since im death of im son, Ifeanyi"
pcm_0073_topic,entertainment
pcm_0073_headline,Rock and Roll Hall of Fame: Fela Kuti don receive nomination to dey part of di rock and roll
pcm_0074_topic,entertainment
pcm_0074_headline,BBNaija: Rebecca Hampson AKA Nengi actions for Big Brother Naija Season 5 house
pcm_0075_topic,entertainment
pcm_0075_headline,Afeare Israel apologize to Zlatan and DJ Cuppy gbas-gbos
pcm_0076_topic,entertainment
pcm_0076_headline,Sean Imonoro Chukwuemeka: 'I meet im wife make mistakes because of dia age'
pcm_0077_topic,entertainment
pcm_0077_headline,"Rock & Roll Hall of Fame 2021: Who be Fela, Angelikutapo Kuti wey dey nominees?"
pcm_0078_topic,entertainment
pcm_0078_headline,Maduagwu vs Jim Iyke: Why I no forget about di two Nollywood actors tok about di source of wealth
pcm_0079_topic,entertainment
pcm_0079_headline,Nkechi Blessing and Falagan Opeyemi David marriage: Nigerian actress announce her engagement wit dia husband get palava
pcm_0080_topic,entertainment
pcm_0080_headline,"Rema no die: Wetin to know about di Nigerian singer wey die on January 1, 2020"
pcm_0081_topic,entertainment
pcm_0081_headline,Tahir Fagge: 'Pipo wey dey abuse me because I no go like make I get case with dem'
pcm_0082_topic,entertainment
pcm_0082_headline,David Adedeji Adeleke: Nigerian singer Davido advise to 'fem' for pipo wey dey 'para'
pcm_0083_topic,entertainment
pcm_0083_headline,Emmanuel Bára: Google launch new Doodle to celebrate Spanish artist wey be im 115th Birthday
pcm_0084_topic,entertainment
pcm_0084_headline,Tonto Dike: Which Nigerian celebrity go win for di UN nomination?
pcm_0085_topic,entertainment
pcm_0085_headline,BBNaija 2021 housemates eviction: Big Brother Naija organisers reveal how pipo dey earn so far
pcm_0086_topic,entertainment
pcm_0086_headline,Tonto Dike ex-lover Prince Kpokpogiri: Nollywood actress deny police arrest ontop attempt to chase am
pcm_0087_topic,entertainment
pcm_0087_headline,Winner of Nigerian Idol TV show: 'I go be great' - Kingdom Kroseide win 2021 winner of di show
pcm_0088_topic,health
pcm_0088_headline,Cameroonian musicians wey di sack and no get moni to go hospital
pcm_0089_topic,entertainment
pcm_0089_headline,"Kane West: Five things we know about Kanye West, di rapper wey dey 'I miss di old Kanye'"
pcm_0090_topic,entertainment
pcm_0090_headline,Big Brother Naija saturday party: 'Swag & oda tins wey dem dey inside' for Biggie beach party
pcm_0091_topic,entertainment
pcm_0091_headline,Burna Boy apologize to imsef say e no go allow imsef to become 'African Giant'
pcm_0092_topic,entertainment
pcm_0092_headline,Dalt Punk break up: Five French music duo wey be like to use 'robo' for di break up
pcm_0093_topic,entertainment
pcm_0093_headline,Wizkid Ayodeji Balogun: Five things to know about di Nigerian musician wey make pipo heart cut am
pcm_0094_topic,entertainment
pcm_0094_headline,Lateef Adedimeji and Adebimpe Oyebade wedding: Interesting facts about di Nigerian actor and actress marriage
pcm_0095_topic,entertainment
pcm_0095_headline,Ada Jesus death: Harrison Gwamnishu tok about di comedian during her death
pcm_0096_topic,entertainment
pcm_0096_headline,Emmanuel Mjoke: 'I mourn di death of South African music legend wey die in a car accident'
pcm_0097_topic,entertainment
pcm_0097_headline,Odunlade Adekola: Female actress wey don ever ask for sex before e give am role
pcm_0098_topic,entertainment
pcm_0098_headline,Tiwa Savage and Salawa Abeni: Nigerian singer alleged sex tape video dey viral
pcm_0099_topic,entertainment
pcm_0099_headline,Davido: Wetin to sabi about di viral video of pikin wey dey drown inside swimmingpool no be di son of Nigerian
pcm_0100_topic,entertainment
pcm_0100_headline,"Big Brother Naija 2021 housemates eviction: Sheggz, Hermes and oda tins wey dey inside season 7"
pcm_0101_topic,entertainment
pcm_0101_headline,Queen Elizabeth 2021: Queen of England don comot to cut cake for Accession Day
pcm_0102_topic,entertainment
pcm_0102_headline,Tiwa Savage video: Nigerians dey tackle sex video of singer alleged 'blackmail' video
pcm_0103_topic,entertainment
pcm_0103_headline,Ernest Asuzu: Nigerians wey die for di 2021
pcm_0104_topic,entertainment
pcm_0104_headline,"Headies 2019: Burna Boy, Teni, Falaz, and oda tins wey pipo dey watch"
pcm_0105_topic,entertainment
pcm_0105_headline,Davido: Social media tok about di singer wey 'shine' as e 'retire' from orphanage
pcm_0106_topic,entertainment
pcm_0106_headline,"BBNaija Season 5 housemates names: Nengi, Trikytee collect warning from Douye Diri as Governor"
pcm_0107_topic,entertainment
pcm_0107_headline,BBNaija: Erica and Wathoni 'entanglement' for Big Brother Naija lockdown house
pcm_0108_topic,entertainment
pcm_0108_headline,"HOH eviction today: Ozo pick Dorathy as first, second and third choice for di house"
pcm_0109_topic,entertainment
pcm_0109_headline,J.lo and Jlo: Jennifer Lopez 'in the morning' singer and rapper wey dey 'paint' for fans
pcm_0110_topic,entertainment
pcm_0110_headline,Sean Imonaoro Chukwuemeka: 'I no dey menopause' - See wetin we know
pcm_0111_topic,politics
pcm_0111_headline,Dimeji Bankole and Atiku Bagudu marriage: Former Speaker of APC former wife don wed dia daughter
pcm_0112_topic,entertainment
pcm_0112_headline,Wetin be Tems postpone di show dis week for UK
pcm_0113_topic,health
pcm_0113_headline,Omicron: UK don die from Omicron variant of coronavirus
pcm_0114_topic,health
pcm_0114_headline,Coronavirus tips: UK goment goment start do Covid-19 test
pcm_0115_topic,health
pcm_0115_headline,Lagos State goment don close up hospital afta report dey in
pcm_0116_topic,health
pcm_0116_headline,Coronavirus update: Ghana goment collect vaccine first phase of Covid-19 vaccine
pcm_0117_topic,health
pcm_0117_headline,Covid-19 cases in Nigeria: Meet di leaders wey dey catch di Covid-19 pandemic
pcm_0118_topic,health
pcm_0118_headline,"Covid-19 vaccine: WHO don approve Covid-19 special injections, see how you fit qualify"
pcm_0119_topic,health
pcm_0119_headline,Ebola outbreak 2021: WHO don celebrate di end of di deyy happun
pcm_0120_topic,health
pcm_0120_headline,Covid-19 cases in Ghana today: Osafo-maatfo test positive for Covid-19
pcm_0121_topic,health
pcm_0121_headline,Coronavirus: Anglophone Cameroonians wey dey fight Covid-19 outbreak
pcm_0122_topic,health
pcm_0122_headline,Coronavirus: Ghana govment ban on public gathering ahead of COVID-19 outbreak
pcm_0123_topic,health
pcm_0123_headline,Covid-19 cases in Ghana today: Ghana record first case of Covid-19 Omicron variant
pcm_0124_topic,health
pcm_0124_headline,Ghana Food and Drugs Authority deny AstraZeneca vaccine side effects
pcm_0125_topic,health
pcm_0125_headline,US Travel rules: US wan enta di kontri by air tickets
pcm_0126_topic,health
pcm_0126_headline,Coronavirus: Ghana no go allow foreign trips from countries wey over 200 cases of COVID-19 outbreak - Minister of Information Minister
pcm_0127_topic,health
pcm_0127_headline,Ghana Medical Association suspend planned strike action
pcm_0128_topic,health
pcm_0128_headline,Donald Trump: America President Donald Trump first person don test positive for coronavirus
pcm_0129_topic,health
pcm_0129_headline,Coronavirus domestic violence: Surviving lockdown wen you dey trapped with your abusive partner
pcm_0130_topic,health
pcm_0130_headline,Coronavirus update: Ivory Coast goment stop foreigner from kontri afta 15 days
pcm_0131_topic,health
pcm_0131_headline,"Coronavirus new variant: US go allow foreign trips from South Africa, 7 oda southern African countries ontop di new coronavirus variant"
pcm_0132_topic,health
pcm_0132_headline,WHO reveal say ‘crocodiles’ dey 'capping' for Gambia
pcm_0133_topic,health
pcm_0133_headline,Coronavirus vaccine: Why di vaccine dey help fight coronavirus?
pcm_0134_topic,health
pcm_0134_headline,CNN African- American Secretary of State biography: 'Every day dey end'
pcm_0135_topic,health
pcm_0135_headline,Coronavirus pandemic: Islamic State and al-qaeda react to Covid-19 pandemic
pcm_0136_topic,health
pcm_0136_headline,"Coronavirus cases in Ghana today: COVID-19 recovery timeline, Ghana record new cases of COVID-19 outbreak"
pcm_0137_topic,health
pcm_0137_headline,Coronavirus: Ghana Dancing pálbearers wey dey call dollars for burial gigs
pcm_0138_topic,health
pcm_0138_headline,Coronavirus update: Ghana Health Service go make Covid-19 vaccination compulsori give Ghanaians
pcm_0139_topic,health
pcm_0139_headline,"Coronavirus: Queen Elizabeth tell UK say ""we go do good' - Queen Elizabeth"
pcm_0140_topic,health
pcm_0140_headline,"Coronavirus update: COVID-19 rules, tickets, and other measures wey Nigeria goment dey help fight Covid-19 outbreak"
pcm_0141_topic,health
pcm_0141_headline,Coronavirus cases in Ghana: Ghana 'mystery' test reveal as e catch Covid-19 outbreak
pcm_0142_topic,health
pcm_0142_headline,Coronavirus: Lagos State don comot list for kontris wey Covid-19 dey worry
pcm_0143_topic,health
pcm_0143_headline,Coronavirus: Fake news palava during dis coronavirus period
pcm_0144_topic,health
pcm_0144_headline,Omicron variant of Coronavirus: Seven African kontries wey dey in Africa
pcm_0145_topic,politics
pcm_0145_headline,BuhariResign: Nigerians call immediate meeting to discuss 'insecurity' mata wey dey for di kontri
pcm_0146_topic,politics
pcm_0146_headline,NDC Ladiya Alhosan win NDC John Dumo for Ayawaso West wuogon - See how Ghana govnorship election
pcm_0147_topic,politics
pcm_0147_headline,Samuel Ottom: Nigerian govnor reveal say im security man bin shoot am for am
pcm_0148_topic,politics
pcm_0148_headline,Nyesom Wike and Femi Fani-Kayode no be friends - Wike
pcm_0149_topic,politics
pcm_0149_headline,Bayo Lawal: Wetin to know about Olaniyan and di sack di remaining govnor
pcm_0150_topic,politics
pcm_0150_headline,Joe Biden and Kamala Harris inauguration: Highlights of di inauguration ceremony
pcm_0151_topic,politics
pcm_0151_headline,Osun election result: Adegboyaga Oyetola win governorship primary in Kwara state
pcm_0152_topic,business
pcm_0152_headline,Donald Trump: New York don find former US president guilty of tax fraud
pcm_0153_topic,politics
pcm_0153_headline,Coronavirus in Nigeria: Buhari tell Nigerians to help fight Covid-19 outbreak
pcm_0154_topic,politics
pcm_0154_headline,Pastor Osagie Ize-Iyamu don become Governor of Edo State
pcm_0155_topic,politics
pcm_0155_headline,Ivory Coast elections 2020: Opponent leaders call for ' civil Transition'
pcm_0156_topic,politics
pcm_0156_headline,Senator Stella Oduah: Who be di women wey dey shake Nigeria political space?
pcm_0157_topic,politics
pcm_0157_headline,INEC: Why INEC no Store results of di 2019 elections ontop server
pcm_0158_topic,politics
pcm_0158_headline,Lagos insecurity: Why Lagos dey affect smuggled bandits
pcm_0159_topic,politics
pcm_0159_headline,D-Day for Bayelsa Elections
pcm_0160_topic,politics
pcm_0160_headline,Royal Re-launch Nigeria Project: All you need to know about di project - Professor Attahiru Jega
pcm_0161_topic,politics
pcm_0161_headline,Ademola Adeleke: Wetin 24 hours before e swear am in as Governor
pcm_0162_topic,politics
pcm_0162_headline,"Peter Obi: Thousands of Nigerians march for APC, PDP, Atiku Abubakar"
pcm_0163_topic,politics
pcm_0163_headline,Inec collect results from polling unit to INEC - See wetin e mean for pipo to sabi
pcm_0164_topic,politics
pcm_0164_headline,Senator Iyorchia Ayu don become new National Chairman of PDP
pcm_0165_topic,politics
pcm_0165_headline,Olusegun Obasanjo: Nigeria former president picking ‘minimum two’ man na mistakes wey im make for life
pcm_0166_topic,politics
pcm_0166_headline,Ebrahim Rashi interview: Christiane Amanpur cancel CNN journalist interview with Iranian President Ebrahim Raii
pcm_0167_topic,politics
pcm_0167_headline,"APC 2023: Tinubu, Wike and Wike lessons for Kogi govnor"
pcm_0168_topic,politics
pcm_0168_headline,"US elections 2020: Donald Trump don condemn racism, hated and white Supremacy"
pcm_0169_topic,politics
pcm_0169_headline,Bayelsa election: DSS order DSS to investigate di newly elect di deputy govnor
pcm_0170_topic,politics
pcm_0170_headline,Guinea govnorship election results: Five tins to know about di kontri wey wan waka go vote am
pcm_0171_topic,politics
pcm_0171_headline,"Rivers Governorship election: Wike, Wike and all di oda tins you suppose know about di local goment elections"
pcm_0172_topic,politics
pcm_0172_headline,Ghana Presidential and Parliamentary elections: Five people die from exposure of violence
pcm_0173_topic,politics
pcm_0173_headline,David Lyon Pereworimi: Meet di first time ever candidate wey no go be Governor of Bayelsa
pcm_0174_topic,politics
pcm_0174_headline,APC National Working Committee: Abdullahi Adamu na di new national chairman of Nigeria ruling APC
pcm_0175_topic,politics
pcm_0175_headline,"Kogi and Bayelsa elections: EU, UK, US, Germany, Netherlands, Netherlands wan shun why e dey 'win'"
pcm_0176_topic,politics
pcm_0176_headline,Bola Ahmed Tinubu: APC 'Asiwaju Reloaded Ambassadors' Nigeria deny rumour say im get plan to contest 2023 p
pcm_0177_topic,politics
pcm_0177_headline,Constitution review: Why di Nigerian politicians dey 'dey confident for freedom of Information Act'
pcm_0178_topic,politics
pcm_0178_headline,PDP National Convention: Court ruling to favour PDP national chairman
pcm_0179_topic,politics
pcm_0179_headline,Yemi Osinbajo declare intention to use di next president
pcm_0180_topic,politics
pcm_0180_headline,"David Lyon: Supreme Court cancel APC, Lyon deputy for Bayelsa LGA elections"
pcm_0181_topic,politics
pcm_0181_headline,Adams Oshiomhole: APC give Appeal Court order to suspend am
pcm_0182_topic,entertainment
pcm_0182_headline,Happy holidays for 'yan America' wey dey reach ahead of 2021 elections
pcm_0183_topic,politics
pcm_0183_headline,"Boris Johnson: Why di British politician, former UK Prime Minister don resign afta Supreme Court order to suspend Parliament"
pcm_0184_topic,politics
pcm_0184_headline,Fatima Waziri-Azi: Nigeria Agency for Prohibe 'detain Human trafficking in Persons' - Director General
pcm_0185_topic,politics
pcm_0185_headline,"Queen Elizabeth II: Queen Elizabeth meet wit Elizabeth Truss, UK prime minister"
pcm_0186_topic,politics
pcm_0186_headline,Emmanuel Macron win first round of French elections
pcm_0187_topic,politics
pcm_0187_headline,Islamic State ambush: 'SARS' fighters re-ambush di deputy afta Friday assault
pcm_0188_topic,politics
pcm_0188_headline,Joe Biden: Biden reveal say US vice president take power to Harris
pcm_0189_topic,politics
pcm_0189_headline,Nana Akufo-Addo: NDC release list of 51 people wey dem be family and friends for Ghana govment
pcm_0190_topic,politics
pcm_0190_headline,"Ministerial list: Lai Mohammed, Amaechi, Akpabio, Adebayo, Wike and oda tins wey go Senate for"
pcm_0191_topic,politics
pcm_0191_headline,Ghana elections 2020: NDC reject results of 2020 presidential elections
pcm_0192_topic,politics
pcm_0192_headline,Salihu Usman: I no dey on di run for im life sake of e impeach di deputy govnor
pcm_0193_topic,politics
pcm_0193_headline,"Edo election 2020: PDP, PDP don 'decision date for di 2020 govnorship primary"
pcm_0194_topic,politics
pcm_0194_headline,Makinde: 'I no know di governor of di state' - Seyi Makinde
pcm_0195_topic,politics
pcm_0195_headline,Donald Trump: Meet di former US presidential senator wey show interest to win for US presidency
pcm_0196_topic,politics
pcm_0196_headline,Boris Johnson: Candidates wey dey eye di new leader
pcm_0197_topic,politics
pcm_0197_headline,Buhari tell Liberian kontri to celebrate im 175th independence
pcm_0198_topic,politics
pcm_0198_headline,Senator Ademola Adeleke win Osun govnorship election - Buhari
pcm_0199_topic,politics
pcm_0199_headline,Edo election 2020: APC don disqualify Edo state Governor from running in Edo primary
pcm_0200_topic,politics
pcm_0200_headline,Attahiru Jega: Why Nigerians dey comot hand from APC and PDP
pcm_0201_topic,politics
pcm_0201_headline,Nigeria president Buhari say US and UK advice to dia pipo no call for panic
pcm_0202_topic,politics
pcm_0202_headline,Osun Governorship election 2022: PDP Ademola Adeleke lead to governorship poll
pcm_0203_topic,politics
pcm_0203_headline,Bayelsa LGA don impeach di Speaker Tonye Isenah
pcm_0204_topic,politics
pcm_0204_headline,Ekiti governorship election results 2022: Candidates wey dey eye di seat
pcm_0205_topic,politics
pcm_0205_headline,Edo election update: Edo State go vote in dia govnor on 19 September
pcm_0206_topic,politics
pcm_0206_headline,Congo-Bachaille president appoint am son as cabinet minister
pcm_0207_topic,sports
pcm_0207_headline,Timo Werner: Chelsea don agree to sign German professional footballer wey dey play as Bundesliga player
pcm_0208_topic,sports
pcm_0208_headline,Ghana vs Nicolas: Black Stars beat Nigeria by one goal to nil inside dia friendly match
pcm_0209_topic,sports
pcm_0209_headline,Ghana Black Stars squad list: Players wey dey eye de Black Stars for Wafcon qualifier
pcm_0210_topic,sports
pcm_0210_headline,Kelechi Iheanacho: Leicester City don rue out di Nigerian striker from dia match
pcm_0211_topic,sports
pcm_0211_headline,Atletico Madrid vs Real Valladolid: Atletico madrid na di new champions of La Liga season
pcm_0212_topic,sports
pcm_0212_headline,"Champions League draw 2022/23: Predictions for Istanbul, Turkey and more"
pcm_0213_topic,sports
pcm_0213_headline,Chelsea footballer aide wey don buy face masks for traders wey dey Sierra Leone
pcm_0214_topic,sports
pcm_0214_headline,Euro 2020 postponement: Uefa don call emergency meeting to discuss Euro 2020
pcm_0215_topic,sports
pcm_0215_headline,Manchester United vs Southampton: Reds give Southampton 1-0 victory over Southampton
pcm_0216_topic,sports
pcm_0216_headline,Black Stars team training fotos: Thomas Agyepong dey miss de recovery training
pcm_0217_topic,sports
pcm_0217_headline,Portugal vs Spain fixtures: Cristiano Ronaldo go face Spain for Etletico Jose Alvaade stadium
pcm_0218_topic,sports
pcm_0218_headline,Real Madrid vs Barcelona: Aubameyang and Ferran Torres lead Real Madrid to dia heavy victory
pcm_0219_topic,sports
pcm_0219_headline,Olympic Games Tokyo 2020: China Yong Qian win first gold medal for Tokyo 2020 Olympics games
pcm_0220_topic,sports
pcm_0220_headline,Laurel Hubbard: Why New Zealand Olympics dey divided
pcm_0221_topic,sports
pcm_0221_headline,"Champions League draw: Man City vs Real Madrid, where to watch di quarter finals"
pcm_0222_topic,sports
pcm_0222_headline,Ghanaians call for de sack of Black Stars coach
pcm_0223_topic,sports
pcm_0223_headline,Liverpool vs Villareal: How to watch di Champions League final
pcm_0224_topic,sports
pcm_0224_headline,"Chelsea dey consider Ronaldo, who dey ready for return to La Liga"
pcm_0225_topic,sports
pcm_0225_headline,"Uefa Player of the Year 2021 nominees list: Messi, Ronaldo and Mbappe dey top six for di award"
pcm_0226_topic,sports
pcm_0226_headline,Why Italian Serie B side deny Nigeria midfielder 'abuse' from e opponent
pcm_0227_topic,sports
pcm_0227_headline,Champions League group stage match results on Tuesday
pcm_0228_topic,sports
pcm_0228_headline,Uefa apologise to Liverpool fans for Champions League final
pcm_0229_topic,sports
pcm_0229_headline,Brentford vs Leicester: Kelechi Iheanacho score di first goal of di FA Cup fourth round
pcm_0230_topic,sports
pcm_0230_headline,Central African Republic beat Nigeria 1-0 for Teslim Balogun stadium
pcm_0231_topic,sports
pcm_0231_headline,John Champion: 10 year old sports presenter wey wan become de next John Champion
pcm_0232_topic,sports
pcm_0232_headline,Europa League group L table: Ole Solskjaer 'expect more from Martial' for di Quarter Finals
pcm_0233_topic,sports
pcm_0233_headline,Fifa Best Fifa winners: Why Fifa no go win di 2022 Fifa World Cup?
pcm_0234_topic,sports
pcm_0234_headline,Benzema win 2022 Ballon d'Or 2022 award
pcm_0235_topic,sports
pcm_0235_headline,"Cape Verde vs Nigeria live stream: Prediction, time & how to watch di Qatar 2022 World Cup qualifier"
pcm_0236_topic,sports
pcm_0236_headline,Cameroon vs Gambia: Toko Ekambi give Indomitable Lions 1-0 victory over Gambia
pcm_0237_topic,sports
pcm_0237_headline,Anthony Joshua vs Usyk go face each oda again dis weekend
pcm_0238_topic,sports
pcm_0238_headline,Jose Peseiro: Nigeria Football Federation appoint Gernot Rohr as new Super Eagles coach
pcm_0239_topic,sports
pcm_0239_headline,"Queen Elizabeth II postponed: Predictions for Premier League, EPL postpone"
pcm_0240_topic,sports
pcm_0240_headline,"Nigeria vs Cameroon live stream: Prediction, time & how to watch di International friendly match"
pcm_0241_topic,sports
pcm_0241_headline,Ghana vs Morocco: Andre Ayew say Ghana no fit win de Afcon since 1984
pcm_0242_topic,sports
pcm_0242_headline,Chelsea fit join Barcelona to fight for signing of Lewandowski
pcm_0243_topic,sports
pcm_0243_headline,Coronavirus: Why di players dey trapped for di lockdown
pcm_0244_topic,sports
pcm_0244_headline,Ghana 2 - 1 Switzerland - 2 Ghana goals give Ghana 1-0 victory over Switzerland
pcm_0245_topic,sports
pcm_0245_headline,Cristiano Ronaldo win more Ballon d'Or awards as im main rival Lionel Messi
pcm_0246_topic,sports
pcm_0246_headline,"2022 Women African Cup of Nations quarter final fixtures: Zambia, Senegal qualify for quarter final round of matches"
pcm_0247_topic,sports
pcm_0247_headline,Transfer news:Casemiro say im fit move to Man United no be because of money
pcm_0248_topic,sports
pcm_0248_headline,Turkey club condemn racism against former Nigeria captain
pcm_0249_topic,sports
pcm_0249_headline,"Fifa World Cup fixtures: Team news, results and results from di 16 teams"
pcm_0250_topic,sports
pcm_0250_headline,Chelsea sack Frank Lampard afta im spend 18 months in charge of club
pcm_0251_topic,sports
pcm_0251_headline,"Nigeria vs Guinea Bissau live stream: Prediction, time & how to watch"
pcm_0252_topic,sports
pcm_0252_headline,Nigeria vs Germany: Super Falcons end for Wafa Women's World Cup
pcm_0253_topic,sports
pcm_0253_headline,"Why Nigeria athletics federation dey ""sack and damaging"" for Nigeria"
pcm_0254_topic,sports
pcm_0254_headline,Raheem Sterling: Why e dey trapped with Sterling for Qatar
pcm_0255_topic,sports
pcm_0255_headline,Coronavirus: Why teams need to 'disinfection' for German Bundesliga action
pcm_0256_topic,sports
pcm_0256_headline,Morocco vs Portugal: Andrés Ronaldo and Ronaldo make history as first African kontri to qualify for Fifa World Cup semi final
pcm_0257_topic,sports
pcm_0257_headline,Afcon set dia new Covid-19 rules ahead of CAN 2022 nations cup
pcm_0258_topic,sports
pcm_0258_headline,Chelsea agree to sell club for £.425bn
pcm_0259_topic,sports
pcm_0259_headline,Chelsea vs Man City: Predictions for Premier League games dis weekend
pcm_0260_topic,sports
pcm_0260_headline,Arsenal vs Leicester City: How Gunners beat Foxes 2-0 to move on to fourth position
pcm_0261_topic,sports
pcm_0261_headline,Anthony Joshua vs Andy Ruiz: Joshua collect all im titles back for Saudi Arabia
pcm_0262_topic,sports
pcm_0262_headline,Why Premier League Players dey take a knee afta dem consult wit players
pcm_0263_topic,sports
pcm_0263_headline,Real Madrid vs Chelsea: 'Chelsea vs Real Madrid' goals give Real Madrid 4-1 victory over Chelsea
pcm_0264_topic,sports
pcm_0264_headline,Brentford vs Liverpool: prediction for Premier League go see where and how to watch
pcm_0265_topic,sports
pcm_0265_headline,"Cameroon vs Burkina Faso: Andre Onana, Samuel Eto'o, Pierre Mboma, odas wey don change de memories"
pcm_0266_topic,sports
pcm_0266_headline,Man City dey discuss with Barcelona over dia signing of Portugal player
pcm_0267_topic,sports
pcm_0267_headline,Ghana vs Uruguay: Luis Surez cause Ghana to move on to de Quarter Finals
pcm_0268_topic,sports
pcm_0268_headline,"Ghana vs Madagascar: Black Stars squad list, team news and everything you need know about de Afcon qualifiers"
pcm_0269_topic,sports
pcm_0269_headline,Lionel Messi equal Brazil legend Pele scoring record
pcm_0270_topic,sports
pcm_0270_headline,"Kasuwar 'yan kwallo: West Ham don reject £80m price for Pique, Chelsea wan wrap up two deals"
pcm_0271_topic,sports
pcm_0271_headline,Spanish La Liga go resume behind closed steps
pcm_0272_topic,sports
pcm_0272_headline,Manchester City vs Manchester City: See where to watch di Premier League game
pcm_0273_topic,sports
pcm_0273_headline,Olympic Personality of the Year award: Meet di candidates wey dey in di world award
pcm_0274_topic,sports
pcm_0274_headline,"Lionel Messi: 'I go do like to play for di US, no go do next"
pcm_0275_topic,sports
pcm_0275_headline,Morocco vs Morocco: Morocco beat former World Champions Spain to comfortable win over penalty
pcm_0276_topic,sports
pcm_0276_headline,"Lewandowski: Bayern Munich chief executive Oliver Kahn reveal say Tottenham wan sell Kane, 28, as ' dream of the future'"
pcm_0277_topic,sports
pcm_0277_headline,Novak Djokovic collect Australian Open title after he over power Daniil
pcm_0278_topic,sports
pcm_0278_headline,Asisat Oshoala: Nigeria Super Falcons captain win 2019 CAF Women Player of the Year
pcm_0279_topic,sports
pcm_0279_headline,Australian government don evacuate more dan 50 women footballers from Afghanistan
pcm_0280_topic,sports
pcm_0280_headline,Musa Noah Kamara: Sierra Leone striker wan end im contract with Trellesborns afta just one week
pcm_0281_topic,sports
pcm_0281_headline,Qatar 2022 Fifa World Cup: Messi and Luka Modryk take sabi dia sef for Argentina and Croatia semi final match
pcm_0282_topic,sports
pcm_0282_headline,Nigeria vs South Africa: Bayana Bayana beat Nigeria to beat Nigeria 2-1 for Wafcon Group C table
pcm_0283_topic,sports
pcm_0283_headline,Black Stars switch Ghana from England to join de national team
pcm_0284_topic,sports
pcm_0284_headline,"Champions League group stage match predictions: Chelsea, Juventus, Sevilla, Sevilla and where to watch"
pcm_0285_topic,sports
pcm_0285_headline,Ghana vs South Americans: Five African teams play international friendly match
pcm_0286_topic,sports
pcm_0286_headline,Nigeria vs Tunisia: Super Eagles crash out of Africa Cup of Nations afta dem lose 1-0 to Tunisia
pcm_0287_topic,sports
pcm_0287_headline,Neymar: Why police dey investigate rape accuse against Brazilian footballer
pcm_0288_topic,sports
pcm_0288_headline,Paul Pogba go leave Man United on £8m
pcm_0289_topic,sports
pcm_0289_headline,Champions League: Uefa don announce new form for European football
pcm_0290_topic,sports
pcm_0290_headline,Tokyo 2020: Five teams wey dey top five medals table for Tokyo 2020
pcm_0291_topic,sports
pcm_0291_headline,Manchester City vs Paris St Germain: Premier League champions Manchester City don find demsef inside group stage
pcm_0292_topic,sports
pcm_0292_headline,Commonwealth Games 2022: Adijat Adenike Olarinoye win Nigeria first gold medal for Birmingham 2022 Commonwealth games
pcm_0293_topic,sports
pcm_0293_headline,UFC 259: Jan Blachovich beat Israel Adesanya to remain UFC 258 heavyweight champion
pcm_0294_topic,sports
pcm_0294_headline,Oga Laloko: Nigeria Football Federation [NFF] Former technical Director don die
pcm_0295_topic,sports
pcm_0295_headline,A- League: Why EPL don sell A-league trophies to ground
pcm_0296_topic,sports
pcm_0296_headline,"Ghana vs Cameroon: Ghana, Cameroon, Morocco, Senegal dey qualify for round of 16"
pcm_0297_topic,sports
pcm_0297_headline,Manchester United go do 'agree' wit Cristiano Ronaldo interview
pcm_0298_topic,sports
pcm_0298_headline,Ghana national football coach say e “get” Cristiano Ronaldo penalty
pcm_0299_topic,sports
pcm_0299_headline,"Real Madrid vs Chelsea: Benzema, Lukaku miss warning for Champions League quarter-final"
pcm_0300_topic,sports
pcm_0300_headline,Why she deny she make she sexual assault accuse against anybody
pcm_0301_topic,sports
pcm_0301_headline,Champions League fixtures: Liverpool vs Ajax group A - Match Day two
pcm_0302_topic,sports
pcm_0302_headline,Novak Djokovic test positive for coronavirus
pcm_0303_topic,sports
pcm_0303_headline,Australian Cricketer alleged wife and dia three children die inside fire
pcm_0304_topic,sports
pcm_0304_headline,Paul Pogba go return to Real Madrid?
pcm_0305_topic,sports
pcm_0305_headline,Transfer rumours: Manchester City sign Brazilian striker Jesus from Arsenal for £35m
ibo_0001_topic,business
ibo_0001_headline,Nigeria Water: Ihe i kwesiri ịma maka mmanụ agbịdị dị na be anyị dịzị
ibo_0002_topic,business
ibo_0002_headline,"Ụbịam emeela ka ndị Zimbabwe na-erezi mkpịsịụkwụ ha ihe ruru $40,000"
ibo_0003_topic,business
ibo_0003_headline,Black Friday: Gịnị bụ 'Black Friday'?
ibo_0004_topic,business
ibo_0004_headline,Akụkọ kachasị n'ụtụtụ a: NBS ekwuola na ọnụahịa nrị dị
ibo_0005_topic,business
ibo_0005_headline,Onitsha Port: Usoro mmepe ọdọụgbọmmiri Onitsha ga-abara ndị Igbo n'azụmaah
ibo_0006_topic,business
ibo_0006_headline,Ụlọomeiwu nye anyị ikike ibite ego na mba ofesi - Buhari
ibo_0007_topic,business
ibo_0007_headline,Brexit: Ihe ndị ị kwesịrị ịma maka atụmatụ azụmahịa dị n'etiti UK na Af
ibo_0008_topic,business
ibo_0008_headline,"Ụlọ ahịa n'Aso savings dara, ndị ọzọ achọghị ibute ụlọ"
ibo_0009_topic,business
ibo_0009_headline,Ịgbata ala ndị ọzọ ga-ada n'ahịa?
ibo_0010_topic,entertainment
ibo_0010_headline,Ada Chukwujekwu: Ihe mere m ji bụrụ ọkaibe n'ịkpụ isi
ibo_0011_topic,business
ibo_0011_headline,Nigeria nwereike ịbanye na nsogbu maọbụ na o weliteghị ụgwọ ụtụ isi ya
ibo_0012_topic,business
ibo_0012_headline,Bitcoin: Augustine Arachie bụ onye nkuzi na-azụkwa ahịa Cryptocurrency
ibo_0013_topic,business
ibo_0013_headline,European Council agbatịala oge ọpụpụ Brexit ruo ụbọchị abụọ
ibo_0014_topic,business
ibo_0014_headline,Ghana traders Association: Ihe mere ndị Naịjirịa ji gbachie ọdọahịa ha n'ahịa
ibo_0015_topic,politics
ibo_0015_headline,Fuel scarcity: Ọkụ na-agba n'oge Mahadum Carita
ibo_0016_topic,business
ibo_0016_headline,Zainab Aliyu: Ihe ị kwesịrị ịma maka onye chọrọ ịkpesa akwụkwọ njem ọhụrụ
ibo_0017_topic,entertainment
ibo_0017_headline,Independence day Nigeria: Lee ihe ndị ọrụ Bekee na-ekwu maka mmachi gọọmentị Legọs
ibo_0018_topic,politics
ibo_0018_headline,Ndị chọrọ ịzọ ọkwa na Naịjirịa anaghị eleli ụmụnwaanyị anya
ibo_0019_topic,business
ibo_0019_headline,Nigerian traders Association: Ihe ndị Naịjiria na-azụ ahịa na mba Gana
ibo_0020_topic,business
ibo_0020_headline,Nigeria's debt burden: Ihe iri Naịjirịa ga-eme ka anyị agbape bọda'
ibo_0021_topic,business
ibo_0021_headline,'Etu m siri malite ọrụ m site n'ịntanetị' - Winifred Nwaanya
ibo_0022_topic,business
ibo_0022_headline,Nigeria Elections 2020: Ihe ise atụmaatụ mbepụ ego bọjeetị pụtara ụmụ Naị
ibo_0023_topic,business
ibo_0023_headline,Nigeria Recession: Ihe i kwesiri ịma maka Naijirịa dịka mba kacha nwee akụnaụba n
ibo_0024_topic,business
ibo_0024_headline,Elon Musk bụbu onye kachasị nwee ego n'ụwa niile
ibo_0025_topic,business
ibo_0025_headline,Maduakpam ji arụ akpụụkwụ na-enwete ego ọkpụrụkpụ o ji amachị akpa ugbua
ibo_0026_topic,business
ibo_0026_headline,Fuel Subsidy: Uru dị n'iwepụ ego mgbakwụnye a na-akwụ na mmanụ ụ
ibo_0027_topic,business
ibo_0027_headline,Ọ gaghị ekwe ka ụmụ Naịjirịa ji anya hụ ihe ndị ọzọ dị na Naị
ibo_0028_topic,business
ibo_0028_headline,Electricity Generation: 'Ọ bụrụ na gọọmentị nye m ikike ịrụpụta 'ventilator' na Naịjir
ibo_0029_topic,politics
ibo_0029_headline,Nigerian President killed: Ihe mere nwoke kapinta si mee ihe tụrụ ndị mmadụ n'anya
ibo_0030_topic,business
ibo_0030_headline,Chidi Udeogu: Ihe ndị ị kwesịrị ịma maka ego si n'ụlọakụ na a
ibo_0031_topic,business
ibo_0031_headline,Akụkọ kachasị n'ụtụtụ a: Gọọmentị Abia amalitela ikutu aha Arịaria
ibo_0032_topic,politics
ibo_0032_headline,Akụkọ kachasị n'ụtụtụ a: Ndị NDọrọndọrọ PDP na ndị ọzọ
ibo_0033_topic,health
ibo_0033_headline,Coronavirus in Nigeria: Ihe mere m ga-eme n'aka onye agụrụ na-agụ sị ya nọro n
ibo_0034_topic,business
ibo_0034_headline,Adaeze Chukwunake: Ọ bụ nwaanyị na-arụ ọrụ dịka ọkụ latrik
ibo_0035_topic,business
ibo_0035_headline,Mazi Aniagbo: Ihe mere m ji dị afọ iri na ise mgbe ahụ gbara afọ 108
ibo_0036_topic,business
ibo_0036_headline,Anambra Rice Mill: Kaolin ọ na-emepụta mmanụ ala n'Amerịka
ibo_0037_topic,business
ibo_0037_headline,Ụmụ afọ Naijiria na-eti mkpu dịka ọnụ ahịa ndị ọzọ
ibo_0038_topic,business
ibo_0038_headline,New Artisan Enugwu: Ọgba aghara adapụtala ita n'etiti ndị Hausa na-ere ehi
ibo_0039_topic,business
ibo_0039_headline,Ụlọakụ ọha awụọla mmiri ara ehi na akụkọ na-efegharị n'i
ibo_0040_topic,business
ibo_0040_headline,Nigeria's debt burden: Ihe ndị ntorobịa Naijiria nwere n'ahịa a kpọrọ
ibo_0041_topic,business
ibo_0041_headline,Head Bridge: Ndị ahịa akpọrọ Head Bridge amalitela ịrụ ụzọ bara
ibo_0042_topic,entertainment
ibo_0042_headline,Igbo cuisine: Ihe mere m jide nde naira ise nwere ike iji rụọ ụlọ gị
ibo_0043_topic,business
ibo_0043_headline,Nigeria's Army: Ihe mere m ji malite ịzụpụta anụ ụlọ - Chinedu Eleuwa
ibo_0044_topic,business
ibo_0044_headline,Nigeria Poverty Index: Ndị dọla dị n'ahịa nzuzo
ibo_0045_topic,health
ibo_0045_headline,Covid-19 n'otu nkeji: Ihe mere ndị gọvanọ nwereike imechi njem i si na
ibo_0046_topic,business
ibo_0046_headline,Imo Timber Market: Etu ị ga-esi rụpụta osisi a n'Imo steeti
ibo_0047_topic,business
ibo_0047_headline,Nigerian Airlines: 'Etu m si eme njem site Legọs gawa ọwụwa anyanwụ na mmiri'
ibo_0048_topic,sports
ibo_0048_headline,Female Genital Mutilation: 'Abụghị m nwaanyị kacha baa ọgaranya n'Afrịka'
ibo_0049_topic,business
ibo_0049_headline,Mobughici Eberendu: Ihe ọ mụrụ dị mkpa n'afrịka na mba ofesi
ibo_0050_topic,business
ibo_0050_headline,Eze Nchi: Ihe ị kwesịrị ịma maka ndị bi n'ọwụwa anyanwụ - Onye
ibo_0051_topic,business
ibo_0051_headline,Ọrụ ndị ọzọ ị kwesịrị ịma maka ọrụ 'embalemer'
ibo_0052_topic,business
ibo_0052_headline,World Army Day: Ọkụ ọgbụgba agbala isi ụlọọrụ uwe
ibo_0053_topic,entertainment
ibo_0053_headline,Ekekwe bụ Ọkankuzi n'ihe gbasara igwe kọmpụta
ibo_0054_topic,business
ibo_0054_headline,Akụkọ kachasị n'ụtụtụ a: CBN kpachie akpa ego ndị so kwadoo nga
ibo_0055_topic,business
ibo_0055_headline,Onitsha Port: 'Etu m si aga n'Onitsha River Port' - Queen Ubah
ibo_0056_topic,business
ibo_0056_headline,Chinmark Group: 'Adịghị mgbe m ji buru n'obi ịkpọta ndị tinyere ego ha n
ibo_0057_topic,business
ibo_0057_headline,Etu m si isụ mmanụ nri site n'ịsụ nkwụ - Ezinma Ogbonna
ibo_0058_topic,business
ibo_0058_headline,Nigerian Border Closure: Anyị chọrọ ịrụpụta mmanụ agbịdị anyị
ibo_0059_topic,business
ibo_0059_headline,Akụkọ kachasị n'ụtụtụ a: Ndị na-ere mmanụ ụgbọala na Naịjirịa
ibo_0060_topic,entertainment
ibo_0060_headline,Onyinye Igwe: Nna m ekweghị ekpe tupu m nwụrụ n'afọ abụọ gara aga
ibo_0061_topic,entertainment
ibo_0061_headline,Igbo Culture: Ihe jikọrọ ndị Igbo na Naịjirịa sị mba I
ibo_0062_topic,entertainment
ibo_0062_headline,Davido 'chie': Ihe mere ndị Igbozọ jiri ịkpọlata ya 'echichi'
ibo_0063_topic,entertainment
ibo_0063_headline,Chikasielu: Ụmụ ntakịrị kwesịrị ịma asụsụ Igbo
ibo_0064_topic,entertainment
ibo_0064_headline,Kylie Jenner: Onye kacha pee mpe ji aka ya mee onwe ya ọgaranya?
ibo_0065_topic,entertainment
ibo_0065_headline,Big Brother Naija 2021: Lee ụmụnwaanyị iri na otu ga-eso na egwuregwu a
ibo_0066_topic,religion
ibo_0066_headline,Christmas message 2022: Lee ụbọchị ncheta ndị nne n'afọ a
ibo_0067_topic,entertainment
ibo_0067_headline,Igbo Prophecies: Ụmụ anụmanụ nwere nkwenye ndị a kwenyere gbasara ụ
ibo_0068_topic,entertainment
ibo_0068_headline,Big Brother Naija 2019: Lee ihe ndị ọ na-eme tupu unu esonye n'emume a
ibo_0069_topic,entertainment
ibo_0069_headline,Rita Dominic and Fidelis Anosike: Ihe mere ụmụ Naịjirịa akpụrụla aha Rita n'
ibo_0070_topic,entertainment
ibo_0070_headline,Chioma Inyang: Etu m si kwaara onwe m uwe agbamakwụkwọ
ibo_0071_topic,entertainment
ibo_0071_headline,Ebu roads: Lee ihe ndị ọzọ ị kwesịrị ịma maka mmeri a
ibo_0072_topic,entertainment
ibo_0072_headline,Big Brother Naija 2021: Lee ihe ndị ọzọ ị kwesịrị ịma maka mmekọ nwoke na nwa
ibo_0073_topic,entertainment
ibo_0073_headline,Jimnastik: Amaka Onusiriuka akọwaala etu o si chọpụta akaraka egwuregwu ụmụ
ibo_0074_topic,entertainment
ibo_0074_headline,Davido rịọrọ ndị nso nso ya ihe kariri otu narị nde Naịra
ibo_0075_topic,health
ibo_0075_headline,Ọ ka dị ndụ na m nwụghị anwụ - Lizzy
ibo_0076_topic,business
ibo_0076_headline,Fr. Ositadimma Amakzie: Ọdịnịhu ụmụaka ga-esi biri bụ ihe dị mkpa
ibo_0077_topic,health
ibo_0077_headline,Marriage Proposal: Gịnị ka nwaanyị mụrụ nwa ọhụrụ ị kwesịrị ịjụ?
ibo_0078_topic,entertainment
ibo_0078_headline,Hank Akuku: Ihe ndị ị maghị maka m bụ ụkọchukwu - Nwaanyị Naịjirịa
ibo_0079_topic,politics
ibo_0079_headline,'Abụghị m ọrụ ikpa ọha ọchị a'
ibo_0080_topic,politics
ibo_0080_headline,Osinachi Nwachukwu: Ihe ị kwesịrị ịma maka ya dị ndụ
ibo_0081_topic,entertainment
ibo_0081_headline,Amaka Igwe: Lee ihe ndị ị kwesịrị ịma maka nwaanyị a dị taa
ibo_0082_topic,entertainment
ibo_0082_headline,Igbo Culture: Ịlọụwa e mere ndị Igbo kwenyere na mmadụ nwụọ
ibo_0083_topic,entertainment
ibo_0083_headline,Igbo Celebrities: Ụmụ Igbo a ma ama n'ejije Nollywood
ibo_0084_topic,entertainment
ibo_0084_headline,Kanayo Onyekwere Kanayo: Ihe ndị ị kwesịrị ịma maka ọkpọka a kpọrọ 'Law
ibo_0085_topic,entertainment
ibo_0085_headline,"Actors Guild of Nigeria: 'Etu m si ejije tụrụ n'Ananri, Imo steeti'"
ibo_0086_topic,health
ibo_0086_headline,Covid-19 n'otu nkeji: 'Ndị ndu Afrịka na-aga ụlọọgwụ ala Bekee
ibo_0087_topic,entertainment
ibo_0087_headline,Madu Mmesoma Anthony: Ihe mere m ji gbaa egwu 'Basketball'
ibo_0088_topic,entertainment
ibo_0088_headline,Charles Okpaleke: Ihe mere m ji malite ime ihe ejije - Charles of Play
ibo_0089_topic,entertainment
ibo_0089_headline,Traditional Birth Control: Ihe mere mmọnwụ ji enyere ụmụnwoke obere oge azụ
ibo_0090_topic,entertainment
ibo_0090_headline,Whitemoney: Gịnị mere nwaanyị a ji bụrụ onye n'anya ọfụma ọzọ?
ibo_0091_topic,entertainment
ibo_0091_headline,Ọgba Mbọ: Ụmụnwaanyị na uwe akpọrọ ihe ọjọọ na-egosi n'anya
ibo_0092_topic,entertainment
ibo_0092_headline,Oscars 2022: Ihe mere m ji ewepụla onwe m n'otu 'Oscars'
ibo_0093_topic,entertainment
ibo_0093_headline,Reekado Bank: Onye bụ Ozumba Mbadiwe?
ibo_0094_topic,entertainment
ibo_0094_headline,Rebecca byng ekwuola na ha na-enyocha Kareem Ahmed n'ihe nkịrị 'Big Brother Nigeria'
ibo_0095_topic,entertainment
ibo_0095_headline,Igbo Music: Ihe ị kwesiri ịma maka echichi ọzọ n'ala Igbo
ibo_0096_topic,entertainment
ibo_0096_headline,Cynthia Okeke na Agboidi atọọrọ n’izu gara aga
ibo_0097_topic,entertainment
ibo_0097_headline,Mercy Mmesoma Obi: Ada Jesus anwụọla dịka ọ gbachara afọ 22
ibo_0098_topic,entertainment
ibo_0098_headline,Blessing Obasi: Ihe mere m ji lụọ nwaanyị dị afọ 42 n'agbanyeghị na
ibo_0099_topic,business
ibo_0099_headline,Ụwa kachasị n'ụtụtụ a: 'Etu m ga-adị ka ụwa zuuru m oke
ibo_0100_topic,entertainment
ibo_0100_headline,Oxlade: Ihe mere ndị mmadụ ji na-eto nwata a n'anwụ
ibo_0101_topic,entertainment
ibo_0101_headline,Nollywood: Egwu ndị a na-eme ka ejije Nollywood bụrụ ọkaibe
ibo_0102_topic,entertainment
ibo_0102_headline,Chris Okagbue: Ọ gaghị ekwe ka m mee ihe nkiri ma ncha makana m nọ ndụ - Chris Oka
ibo_0103_topic,entertainment
ibo_0103_headline,Ada Jesus: Ọ bụghị eziokwu na Ada Jesus kparịrị ndị ọzọ
ibo_0104_topic,entertainment
ibo_0104_headline,Celine Dion: Agaghị m enwe ike ime njem ịgagharị n'ụwa ebe m na-arịa enweghị
ibo_0105_topic,business
ibo_0105_headline,Igbo Traditional marriage: Lee ụmụada ndị ọzọ a mụrụ n'Imo steeti
ibo_0106_topic,entertainment
ibo_0106_headline,Female Miss World: Etu m siri turu ugo dịka nwaanyị kachasị mma n'asọmpi Miss World
ibo_0107_topic,entertainment
ibo_0107_headline,E-Money: Emeka Okonkwo bụ onyeisi ụlọọrụ '5-star music'
ibo_0108_topic,entertainment
ibo_0108_headline,White Money emume Big Brother Nigeria 2021: White Money ekwuola ihe ndị mmadụ amaghi maka ya
ibo_0109_topic,entertainment
ibo_0109_headline,Akụkọ kachasị n'ụtụtụ a: Onye e ji 'sky B' nwụrụ mgbe ọrịa
ibo_0110_topic,entertainment
ibo_0110_headline,Akụkọ kachasị n'ụtụtụ a: Wizkid arachaala Kalu Ikpe
ibo_0111_topic,entertainment
ibo_0111_headline,Chichi Igbo: Ihe m na-agabiga n'ịntanet maka ụdị ahụ ọ na-akọ ya
ibo_0112_topic,entertainment
ibo_0112_headline,Lee ihe mere nwaanyị ji 'aka Chukwu dị ya' na Twitter
ibo_0113_topic,entertainment
ibo_0113_headline,Akụkọ ifo Igbo: Lee ihe e ji mara ụmụ anụmanụ a ma ama
ibo_0114_topic,entertainment
ibo_0114_headline,Echichi ndị ọzọ na-echi ụmụnwaanyị ugwu pụrụiche n'ala Igbo
ibo_0115_topic,entertainment
ibo_0115_headline,Charly Boy na Dewe Oputa sị na ọ bụ ọkaa mma n'ama
ibo_0116_topic,entertainment
ibo_0116_headline,Ị ma na aha ụtọ dị n'obi?
ibo_0117_topic,entertainment
ibo_0117_headline,Eucharia Anunobi na-akwado agbamakwụkwọ ya
ibo_0118_topic,entertainment
ibo_0118_headline,Zaiah: Etu ị ga-esi achọta aha nwa ọhụrụ ya bụ Zaiah
ibo_0119_topic,entertainment
ibo_0119_headline,Chigozie Isuemenyi: 'Ọ bụ nwoke ka to ogologo n'Imo steeti'
ibo_0120_topic,entertainment
ibo_0120_headline,Nwaanyị a na-achọ ịhụnanya Igbo na omenaala Igbo
ibo_0121_topic,entertainment
ibo_0121_headline,Emeka Amakaeze: Ihe mere m ji eme ejije iji metụta etu e ji ahụ onye a
ibo_0122_topic,entertainment
ibo_0122_headline,Mr Fun a na-akpọkwa onye ọkpa ọchị maka ndị mmadụ kpụ n'ọnụ
ibo_0123_topic,entertainment
ibo_0123_headline,Akụkọ kachasị n'ụtụtụ a: Onyeama a lara mmụọ dịka onye isioji
ibo_0124_topic,entertainment
ibo_0124_headline,Nigerian Celebrities: Onye bụ ụmụ okoroọbịa anọ na-awakpo ya?
ibo_0125_topic,entertainment
ibo_0125_headline,Female Genital Mutilation: Ihe mere m ji malite ọrụ ịkpa ọchị - Chisom
ibo_0126_topic,entertainment
ibo_0126_headline,Valentine's Day: Gịnị mere ndị ọ naghị achọ iji ntị anụ?
ibo_0127_topic,health
ibo_0127_headline,Coronavirus in Nigeria: Ihe mere ụmụnwaanyị ndị a bi n'ụlọ dịka ikuku Kuo
ibo_0128_topic,entertainment
ibo_0128_headline,Nedu Wazobia: Ihe mere Nedu ji hapụ ya n'ọkwa ọrụ 'Wazobia FM'
ibo_0129_topic,entertainment
ibo_0129_headline,Catholic Maduka's death: Ndị ojiegoacghụego na ndị ndọrọndọrọ ọchịchị tụ
ibo_0130_topic,entertainment
ibo_0130_headline,Ọ dị njikere ịnabata nwoke ọzọ na ndụ m dịka di
ibo_0131_topic,entertainment
ibo_0131_headline,Pericoma Okoye: Ihe mere m ji hapụ ụzọ ụkwụ m na-ese n'ike
ibo_0132_topic,entertainment
ibo_0132_headline,Pete Edochie ekwuola na 'Feminm' abụghị omenala Igbo
ibo_0133_topic,entertainment
ibo_0133_headline,BBNaija: Nwaada Khafi Kareem nwere ike ịlaghachi n'ọrụ ya dịka onye
ibo_0134_topic,entertainment
ibo_0134_headline,Kim Kardashian: Ọrịa a na-arịa 'lupus'
ibo_0135_topic,health
ibo_0135_headline,Gọọmentị ga-enyocha ọnụọgwụ ọdịnaala eji agwọ iba
ibo_0136_topic,health
ibo_0136_headline,Nafdac emechiela ụlọọrụ ọgwụ atọ nwere codeine n'ụzọ megidere iwu
ibo_0137_topic,health
ibo_0137_headline,Patience Chimah: Nri ga-enyere mmadụ ịhụike gị ahụike
ibo_0138_topic,health
ibo_0138_headline,Dementia: Ihe ndị ị kwesịrị ịma maka ọrịa a
ibo_0139_topic,health
ibo_0139_headline,Covid-19 n'otu nkeji: 'gloves' ọ ga-egbochi gi ibute coronavirus?
ibo_0140_topic,business
ibo_0140_headline,Igbo delicacies: Nri nwere ike ịnọchite anya mmiri ara ehi
ibo_0141_topic,health
ibo_0141_headline,Cancer: Lee etu ọrịa a sị nwere ike isi butere kansa ara ya
ibo_0142_topic,health
ibo_0142_headline,Coronavirus: Ihe ise ị ga-eji enyere ndụ aka ịlụso coronavirus
ibo_0143_topic,health
ibo_0143_headline,Covid-19 n'otu nkeji: ' vitamin C' na-agwọ coronavirus?
ibo_0144_topic,health
ibo_0144_headline,Coronavirus in Nigeria: Ihe mere m ji agwọta coronavirus nwereike bụrụ obere ihe - Fada Mbaka
ibo_0145_topic,health
ibo_0145_headline,Coronavirus in Nigeria: Ọrịa coronavirus ebughịzikwa anyị - Nwaanyị Naịjirịa
ibo_0146_topic,health
ibo_0146_headline,Covid-19 n'otu nkeji: 'Ndị mmadụ ego si nwere ọgwụ na-agwọ coronavirus'
ibo_0147_topic,health
ibo_0147_headline,Coronavirus: Ihe ndị ọzọ ị kwesịrị ịma maka nje a
ibo_0148_topic,health
ibo_0148_headline,Covid-19 in Nigeria: Lee ihe mere ndị mmadụ ji merie ọrịa Covid-19
ibo_0149_topic,health
ibo_0149_headline,Covid-19 n'otu nkeji: Madagascar azụtala ọgwụ ọzọ iji gwọ coronavirus
ibo_0150_topic,health
ibo_0150_headline,Covid-19 n'otu nkeji: 71% ndị buteela coronavirus na Naịjirịa bụ ọrịa gbara
ibo_0151_topic,health
ibo_0151_headline,Coronavirus in Nigeria: Kedụ ebe Naịjirịa kwụ akwụ maka coronavirus?
ibo_0152_topic,health
ibo_0152_headline,Lassa Fever Outbreak: Etu e si eme ka garri a ghara ịba Lassa
ibo_0153_topic,health
ibo_0153_headline,Ịta anụ ọ na-ebute ọrịa ndị ọzọ?
ibo_0154_topic,health
ibo_0154_headline,Coronavirus in Africa: Etu ndị mmadụ si bute coronavirus na mba a
ibo_0155_topic,health
ibo_0155_headline,Coronavirus: Ihe ndị ọzọ ị kwesịrị ịma maka nje a
ibo_0156_topic,health
ibo_0156_headline,Sex Toy: Gịnị na-ebute 'Penis captivus'?
ibo_0157_topic,religion
ibo_0157_headline,Ụkọchukwu Katọlik: Ihe ndị ọzọ ị kwesịrị ịma maka ụfọdụ
ibo_0158_topic,politics
ibo_0158_headline,Ihe ndị a si na mpaghara ugwu abata ọwụwa anyanwụ
ibo_0159_topic,health
ibo_0159_headline,Enugu LGA: NDLEA aka si kpara ndị na-arụ ọgwụ ike n'Enugwu
ibo_0160_topic,health
ibo_0160_headline,World Blood Donor Day 2019: Ihe i kwesiri ịma maka inye ọbara
ibo_0161_topic,health
ibo_0161_headline,Hepatitis 2021: Lee etu ị ga-esi chekwaa onwe gị n'afọ a
ibo_0162_topic,health
ibo_0162_headline,Afọ mgbu: Ihe ndị ị kwesịrị ịma maka ọrịa a
ibo_0163_topic,politics
ibo_0163_headline,Akụkọ kachasị n'ụtụtụ a: Ọ bụghị eziokwu na ndị dọkịta Anambra
ibo_0164_topic,health
ibo_0164_headline,Coronavirus: 'Anyị a bụ gọọmenti?' - Onyeisi Igbo na-enye ndị Igbo
ibo_0165_topic,health
ibo_0165_headline,Sopuruchi Okorocha: Ihe ị kwesịrị ịma maka nrọ ya
ibo_0166_topic,health
ibo_0166_headline,Ụzọ isii ị ga-esi mee ka ụmụnwoke ghara ibunye afọ ime
ibo_0167_topic,business
ibo_0167_headline,Coronavirus in Nigeria: Ihe ise ị ga-akawanye njọ n'izu Naịjirịa
ibo_0168_topic,health
ibo_0168_headline,James Brown Cancer Day: 'Etu m si chọpụta na m nwere ọrịa HIV/AIDS'
ibo_0169_topic,health
ibo_0169_headline,Broken Heart Syndrome: Gịnị bụ 'Obi Mgbawa'?
ibo_0170_topic,health
ibo_0170_headline,Nsogbu anya dị n'aka nwata nwere ike ibute gị ọgwụgwọ
ibo_0171_topic,health
ibo_0171_headline,Coronavirus: 'Etu m si dịrị anyị na Wuhan bụ ebe ịba Corona' - Nwata akwụkwọ Naị
ibo_0172_topic,health
ibo_0172_headline,Coronavirus: 'Gọọmentị Amerịka nyere anyị ihe anyị ji nọrọ n'ụlọ'
ibo_0173_topic,health
ibo_0173_headline,Okeite: Ihe ndị gburu mmadụ maka ọgwụ e ji ọbara anụmanụ
ibo_0174_topic,health
ibo_0174_headline,Coronavirus: Ihe mere m ji asị ndị mmadụ dere jụụ n'ihe gbasara coronavirus na Naịjirịa
ibo_0175_topic,health
ibo_0175_headline,Coronavirus: Ihe mere mịnịstrị na-ahụ maka nka na ụzụ mee 'ginger' na 'garlic
ibo_0176_topic,health
ibo_0176_headline,Coronavirus Lockdown: Gọọmentị Legọs ga-amalite ịga n'ụlọ inyocha ndị mmadụ
ibo_0177_topic,health
ibo_0177_headline,I makwana na erighị nri abalị n'oge na-ebute ọrịa
ibo_0178_topic,health
ibo_0178_headline,Marriage Proposal: Nwoke ọ ga-esi ama na utu ya anaghị ekeli?
ibo_0179_topic,health
ibo_0179_headline,Akụ mgbu: Ihe ị kwesiri ịma maka gị
ibo_0180_topic,health
ibo_0180_headline,Coronavirus Tips: Ihe ise ị kwesịrị ịma maka onye ahụ dị ọkụ karịa coronavirus
ibo_0181_topic,health
ibo_0181_headline,Akụkọ kachasị n'ụtụtụ a: Egwu Eke chọrọ ibido na mpaghara ahụike
ibo_0182_topic,health
ibo_0182_headline,Covid-19 n'otu nkeji: Ihe mere m jiri gbanahụ ọgwụ mgbochi covid-19
ibo_0183_topic,health
ibo_0183_headline,Chioma Mgbemene: Ọrịa asthma jidere m n'ụzọ pụrụ iche
ibo_0184_topic,health
ibo_0184_headline,Ụzọ isii ị ga-esi mee ka ụmụnwoke ghara ibunye afọ ime
ibo_0185_topic,health
ibo_0185_headline,Nwada Ifeoma Okoli: Anaghị m ahụzi ihe ndị gụchara akwụkwọ n'ogogo
ibo_0186_topic,health
ibo_0186_headline,Marriage Proposal: Lee ihe ndị ị kwesịrị ịma maka mwakpo nwoke na nwaanyị
ibo_0187_topic,health
ibo_0187_headline,Covid-19 Moderna: Ihe ise mba UK ji jiri ọgwụ mgbochi coronavirus ọzọ
ibo_0188_topic,health
ibo_0188_headline,NCDC ekwuola na anyị anwụchiela nwaanyị n'ọdọ ụgbọelu Nnamdi Azikiwe
ibo_0189_topic,health
ibo_0189_headline,Exercise for pregnant women: Kedụ ihe ị kwesịrị ịma maka onye nwere onyinye oke amameri?
ibo_0190_topic,health
ibo_0190_headline,Coronavirus in Nigeria: Ihe mere ndị ọkammụta n'ahụike na-ajụ ka ha enwereike ị
ibo_0191_topic,health
ibo_0191_headline,Coronavirus Lockdown: Lee ihe ndị ị kwesịrị ịma maka lockdown
ibo_0192_topic,health
ibo_0192_headline,Menstrual cycle: Ihe ndị Igbo kwesịrị ịma maka oyiyi na ndapụ akwa nwa
ibo_0193_topic,health
ibo_0193_headline,Coronavirus: Gọọmentị etiti kwesịrị ịhụ na ọrịa Coronavirus abataghị na Naịjirịa - Disu
ibo_0194_topic,health
ibo_0194_headline,Coronavirus in Nigeria: Ihe mere ndị ọkammụta n'ahụike na-ajụ ka ha enwereike ị
ibo_0195_topic,health
ibo_0195_headline,Igbo sị na ụra bara uru ahụike mmadụ
ibo_0196_topic,health
ibo_0196_headline,Coronavirus: Ihe mere m ji ọgwụ Hydroxychloroquine gwọọ coronavirus
ibo_0197_topic,health
ibo_0197_headline,Vaginal dryness: Gịnị bụ ụzọ ị ga-esi akwụsị ịmụ ụmụ?
ibo_0198_topic,health
ibo_0198_headline,Healthy lifestyle: Lee ihe ị kwesịrị ịma maka nwaanyị a tụrụ ime
ibo_0199_topic,health
ibo_0199_headline,"Glaucoma, Otitis externa na ọrịa ndị ọzọ nwere ike isi metụta anya"
ibo_0200_topic,health
ibo_0200_headline,Ọnụọgụgụ ụmụaka amụrụ ọhụrụ ga-emere gọọmenti Naịjirịa maka
ibo_0201_topic,health
ibo_0201_headline,Ebola Cure: WHO akwadola ọgwụ ọzọ ị ga-agwọ ma gbochie ọrịa a
ibo_0202_topic,health
ibo_0202_headline,Omicron abatala Naijirịa - NCDC
ibo_0203_topic,business
ibo_0203_headline,Fuel Scarcity: Ihe i kwesiri ịma maka ọgwụ gbụọ ahịhịa tupu ịkọ ubi
ibo_0204_topic,business
ibo_0204_headline,Coronavirus: Ihe ndị Naijiria na-atụ arịrị maka ụgwọ ụgbọelu
ibo_0205_topic,health
ibo_0205_headline,"Pulmonary fibrosis, Vitiligo, Alopecia na ọrịa ndị ọzọ ị kwesịrị ịma maka ya"
ibo_0206_topic,health
ibo_0206_headline,Covid-19 n'otu nkeji: 'Mask' agbanweeela ọgwụ e ji agwọ ya
ibo_0207_topic,health
ibo_0207_headline,World Health Organization ekpochapụla ụdịrị Polio atọ n'ụwa gbaa gburugburu
ibo_0208_topic,health
ibo_0208_headline,Herd immunity: Gịnị ka ọ pụtara?
ibo_0209_topic,entertainment
ibo_0209_headline,Igbo Traditional Birth Control: Ihe ndị Igbo kwesịrị ịma maka ọmụmụ nwa
ibo_0210_topic,health
ibo_0210_headline,"Malaria, Malaria na ọrịa ndị ọzọ ị kwesịrị ịma maka afọ ime"
ibo_0211_topic,health
ibo_0211_headline,Emmanuel Chukwuka: Ihe mere m ji bụrụ nwa m n'ụlọgwụ Odumegwu Ojuwku University
ibo_0212_topic,health
ibo_0212_headline,Nwaanyị dị ime ekwesịghị ime ma ngaramara
ibo_0213_topic,health
ibo_0213_headline,Chinoso egemba: Ihe mere m ji nwụọ iji soshal midia na ịkpaọchị akụziri n
ibo_0214_topic,health
ibo_0214_headline,Coronavirus update: Kedụ mgbe anyị ga-enweta ọgwụ coronavirus?
ibo_0215_topic,health
ibo_0215_headline,Covid-19 n'otu nkeji: 'Etu m si bute m bụ ọrịa coronavirus'
ibo_0216_topic,health
ibo_0216_headline,Coronavirus: Ihe mere mba Briten ji tinye akara ufie na mba Naijiria na mba ndị ọzọ
ibo_0217_topic,health
ibo_0217_headline,Coronavirus in Nigeria: Lee azịza ị kwesịrị ịmapụ onye ọbụla
ibo_0218_topic,health
ibo_0218_headline,'Nkemdiche' - Ndị dibia bekee na-ata nnukwu ahụhụ n'ihi akwụ
ibo_0219_topic,politics
ibo_0219_headline,Akụkọ kachasị n'ụtụtụ a: Onye ọ masịrị ka Chineke ka m na-enye ọkwa
ibo_0220_topic,politics
ibo_0220_headline,Akụkọ kachasị n'ụtụtụ a: Nnamdi Kanu chụọ Peter Obi na Abaribe ọsọ
ibo_0221_topic,politics
ibo_0221_headline,Ụlọikpe kachasị n'ụtụtụ a: PDP akpọọla okwu ka emeka Ihedi
ibo_0222_topic,politics
ibo_0222_headline,Akụkọ kachasị n'ụtụtụ a: Onoji aṅụọla iyi ọrụ dịka osote
ibo_0223_topic,business
ibo_0223_headline,Fahim Saleh: Onye bụ ọgbatumtum na-ebugharị ndị mmadụ na Naịjirịa anwụọla
ibo_0224_topic,politics
ibo_0224_headline,Akụkọ kachasị n'ụtụtụ a: Uche Ekwunike ọ laghachitela PDP?
ibo_0225_topic,politics
ibo_0225_headline,Senator Dave Umahị atụkwasara N5m n'isi otu nwaanyị chọrọ ịgba APC mgba ok
ibo_0226_topic,politics
ibo_0226_headline,Gọvanọ Ifeanyi Ugwuanyi eduola ụmụnwaanyị ato n'iyi ọrụ tata
ibo_0227_topic,politics
ibo_0227_headline,Uche Mefor: Ihe mere ndị mmadụ ji nweta ihe onyonyo a
ibo_0228_topic,politics
ibo_0228_headline,Kenneth Okonkwo: Ihe mere Igbo ji ike karịa ihe ndị ọzọ dị n'etiti n
ibo_0229_topic,religion
ibo_0229_headline,Busola Dakolo: O tinyeghi aka n'akwụkwọ ọbụla a sị na ụkọchu
ibo_0230_topic,politics
ibo_0230_headline,Akụkọ kachasị n'ụtụtụ a: Atiku amaburula ọkọlọtọ PDP ịzọ
ibo_0231_topic,politics
ibo_0231_headline,Okechukwu Obioha: Agaghị enwekwa 'zoning' ọzọ
ibo_0232_topic,business
ibo_0232_headline,Elon Musk: Ihe onyonyo adịgboroja na-egosi ebe o ji ọkọlọtọ Labour Pati azọ
ibo_0233_topic,politics
ibo_0233_headline,Akpabio boro anyị ebubo nrụrụaka e boro ha n'ihe gbasara NDDC
ibo_0234_topic,politics
ibo_0234_headline,Ihe mere Tinubu pụtara ịzọ ọkwa onyeisiala n'afọ 2023 - Pete Edochie
ibo_0235_topic,politics
ibo_0235_headline,Akụkọ kachasị n'ụtụtụ a: Orji Uzor Kalu a tụrụ mkpọrọ afọ iri
ibo_0236_topic,health
ibo_0236_headline,Chris Ngige agọọla ụkwụ n'aka mịnịsta na-ahụ maka ndị dọkịta anaghị
ibo_0237_topic,politics
ibo_0237_headline,Juliet Egbo azọ ọkwa ịnọchite Enugu-South n'ahịa APC
ibo_0238_topic,politics
ibo_0238_headline,Nnamdi Kanu News: Ihe anyị ga-eme n'aka ndị DSS - Ifeanyi Ejiofor
ibo_0239_topic,politics
ibo_0239_headline,US Presidential Ambition: Ihe mere Naịjirịa ji bụrụ mmeri Donald Trump n'anya
ibo_0240_topic,politics
ibo_0240_headline,Biodun Oyebanji ga-anọchị anya Fayemi dịka gọvanọ ọhụrụ
ibo_0241_topic,politics
ibo_0241_headline,Arthur Eze: Ihe ndị Igbo ji kwuru maka okwu dị n'etiti ya na Eze
ibo_0242_topic,politics
ibo_0242_headline,Hope Uzodinma na-enweta n'aka Chukwu - Fada Mbaka
ibo_0243_topic,religion
ibo_0243_headline,Hyacinth Alia: Ụkọchukwu Katọlik a kwụsịrị ọrụ n'ike
ibo_0244_topic,entertainment
ibo_0244_headline,Mbazulike Amechi: Ihe ị kwesịrị ịma maka onye a na-etu 'The Boy is Good' anwụ
ibo_0245_topic,politics
ibo_0245_headline,Onyeisiala Buhari họpụtara mmadụ 19 ọ chọrọ ka ndị omeiwu binyeaka mee Kọmịshọ
ibo_0246_topic,politics
ibo_0246_headline,Nigeria Election 2023: Ọ bụrụ na Ndigbo enwetaghị ohere ịbụ onyeisiala Naijirịa n'afọ 2023
ibo_0247_topic,politics
ibo_0247_headline,Ndị na-azọ ọkwa gọvanọ anọrọla na ndọrịtaụka BBC Igbo
ibo_0248_topic,politics
ibo_0248_headline,Garba Shehu Garba: Ihe ndị ị kwesịrị ịma maka ya dịka onyeisiala Buhari
ibo_0249_topic,politics
ibo_0249_headline,Trump Acquitted: Lee ihe ndị na-akwado ya okwu ikpeazụ
ibo_0250_topic,politics
ibo_0250_headline,Akụkọ kachasị n'ụtụtụ a: Gọọmenti etiti akpụpụla Josephis Ngwuta
ibo_0251_topic,politics
ibo_0251_headline,Akụkọ kachasị n'ụtụtụ a: Bishọpụ Johnson Ekwe sị ka gọọmentị
ibo_0252_topic,politics
ibo_0252_headline,"Akụkọ kachasị n'ụtụtụ a: Nnamdi Azikiwe, nwaafọ Igbo a mụrụ na"
ibo_0253_topic,entertainment
ibo_0253_headline,Ned Nwoko: Ihe ndị ị kwesịrị ịma maka onye a kpọchiri nna ya na mkpọrọ
ibo_0254_topic,sports
ibo_0254_headline,Akụkọ kachasị n'ụtụtụ a: APC emeriela ụbọchị ọhụrụ maka ntulia
ibo_0255_topic,politics
ibo_0255_headline,Chukwuemeka Ezeife: Ihe ndị Anambra steeti chọrọ ịhapụ ọkwa onyeisila - P
ibo_0256_topic,politics
ibo_0256_headline,Ụgha Ipob: Ihe Ipob jiọrọ ndị Naịjirịa na nzụkọ a
ibo_0257_topic,entertainment
ibo_0257_headline,Elisha Abbo: 'Ọ bụ n'ọnụ ụtụtụ taa ka m mara nwata nwaanyị
ibo_0258_topic,politics
ibo_0258_headline,Akụkọ kachasị n'ụtụtụ a: Onyeisiala Buhari na-ebo onwe ha ebubo maka n
ibo_0259_topic,politics
ibo_0259_headline,Ipob ekwuola ihe ha chọrọ abụghị ka onye Igbo bụrụ osote onyeisiala Naịjirịa na
ibo_0260_topic,politics
ibo_0260_headline,Nnamdi Kanu latest news: Ụlọikpe akwụsịla ikpe dị n'etiti Kanu na gọ
ibo_0261_topic,politics
ibo_0261_headline,Akụkọ kachasị n'ụtụtụ a: Kim Jong-un nwereike iga mba Amerịka
ibo_0262_topic,politics
ibo_0262_headline,Rochas Okorocha: Ihe ị kwesịrị ịma maka onye ọchịchị ọbụla na-ekwu na Naị
ibo_0263_topic,politics
ibo_0263_headline,Odinga ajụla ịnabata mpụtara ntuliaka onyeisiala mba Kenya
ibo_0264_topic,politics
ibo_0264_headline,Authur Eze: Ihe ndị Igbo ji ego achụnta ego malitere iwu na soshal midia
ibo_0265_topic,politics
ibo_0265_headline,Peter Obi agaghị abụna onyeisiala Naịjirịa - Ejike Mbaka
ibo_0266_topic,politics
ibo_0266_headline,Akụkọ kachasị n'ụtụtụ a: NLC akwụsịla ọrụ Bekee niile
ibo_0267_topic,politics
ibo_0267_headline,Sulaiman Haruna ekwuola na nne ya ukwu bụ Aisha Buhari bụ ọgbatauhue
ibo_0268_topic,politics
ibo_0268_headline,Willie Obiano: 'Aga m ikele Bianca Ojukwu mere m ji 'MAA mụ ụra' - E
ibo_0269_topic,politics
ibo_0269_headline,Femi Fani-Kayode: Ọ kwadoghị nkewa Naijịrịa maọbụ agha ọ bụla ga-esile
ibo_0270_topic,politics
ibo_0270_headline,Akụkọ kachasị n'ụtụtụ a: Ekweremadu agwala anya na gọọmenti a
ibo_0271_topic,politics
ibo_0271_headline,Imo state: Ihe mere ụlọomeiwu Imo steeti ji kposa ndịisioche okpuru ọchịchị iri
ibo_0272_topic,politics
ibo_0272_headline,Inec sị na ọ bụghị eziokwu na ha nwere ogige ebe a na-edebanye aha ndị
ibo_0273_topic,business
ibo_0273_headline,Russia and Ukraine conflict: Ugboro agha ndị ọzọ dara nde dọla ịkwụsị mgbasa akpa
ibo_0274_topic,politics
ibo_0274_headline,Akụkọ kachasị n'ụtụtụ a: Gọọmentị Naịjirịa na mba ndị ọz
ibo_0275_topic,politics
ibo_0275_headline,Ihe i kwesịrị ịma maka ntuliaka e mere na Binde taa - Chijioke Chukwu
ibo_0276_topic,politics
ibo_0276_headline,Akụkọ kachasị n'ụtụtụ a: Ndị ndọrọndọrọ APC na-atụ anya na mg
ibo_0277_topic,politics
ibo_0277_headline,Akụkọ dị mkpa n'ụtụtụ a: Boko Haram na-azọ ọkwa gọvanọ
ibo_0278_topic,politics
ibo_0278_headline,Ohaneze ndị Igbo ga-enyocha okwu Ipob maka ire maọbụ iri ehi n'
ibo_0279_topic,politics
ibo_0279_headline,Akụkọ kachasị n'ụtụtụ a: Andy Uba emeriela ntụliaka imeụlọ APC
ibo_0280_topic,business
ibo_0280_headline,Akụkọ kachasị n'ụtụtụ a: Buhari agaghị ahapụ Abuja taa
ibo_0281_topic,politics
ibo_0281_headline,Akụkọ kachasị n'abalị a: Ipob agwala gọọmentị Naịjirịa maka ọ
ibo_0282_topic,politics
ibo_0282_headline,Akụkọ dị mkpa n'etiti PDP na Tinubu
ibo_0283_topic,politics
ibo_0283_headline,Ebonyi state gọọmentị akpụpụla okorie na-azọ ọkwa Sineti n'okpuru Labour
ibo_0284_topic,religion
ibo_0284_headline,Bishọp Adewale: Buhari kwesịrị ịchụ ndịisi ọrụ nchekwa na Naịjirịa
ibo_0285_topic,politics
ibo_0285_headline,Nasir El-Rufai: Obi dị m pọlịna na nnwụchi Gọọmentị Etiti nwụch
ibo_0286_topic,politics
ibo_0286_headline,Akụkọ dị mkpa: Gọọmentị imeobodo ga-anọrọ onwe ha n'Abuja
ibo_0287_topic,politics
ibo_0287_headline,Chris Ngige akagbuola atụmatụ ya ịzọ ọkwa onyeisiala Naịjirịa na 2023
ibo_0288_topic,politics
ibo_0288_headline,Inec sị na ntuliaka ga-aga n'Anambra dịka e siri kwado ya na steeti a
ibo_0289_topic,politics
ibo_0289_headline,Ralph Uwazuruike akọwala uru isonye n'otu ndị na-achọ mnwereonwe na mba ha
ibo_0290_topic,business
ibo_0290_headline,Ben Ali: Ihe mere ndị Tunisia na-ere mkpuruosisi suru onwe ha ọkụ maka ọgbaghara Beke
ibo_0291_topic,politics
ibo_0291_headline,Nnamdi Kanu: Ụlọikpe mkpegharị enyela iwu ka a tọhapụ ya
ibo_0292_topic,politics
ibo_0292_headline,Akụkọ kachasị n'ụtụtụ a: Ezekwesili chọrọ ịzọ ọsọ onyeisiala
ibo_0293_topic,politics
ibo_0293_headline,Tony One Week: Ojukwu anwaala ike m maka atụmatụ Biafra
ibo_0294_topic,politics
ibo_0294_headline,Enyinnaya Abaribe: Ihe mere m jiri dọrịta okwu dịka Buhari chọrọ ịgba gọ
ibo_0295_topic,politics
ibo_0295_headline,Liz Truss Praịm Mịnịsta mba Briten: Etu ọchịchị ya ga-esi metụta Afrịka
ibo_0296_topic,politics
ibo_0296_headline,Biafra War: Lee ihe kpatara ya ka na-eme n'agha Biafra
ibo_0297_topic,sports
ibo_0297_headline,Trump ekwuola na akụkọ ndị Iran na-akọ na ha agbabọọla ọrụ nzuzo
ibo_0298_topic,politics
ibo_0298_headline,Ike Ekweremadu: EFCC emeghela akụnụba sịnetọ ya n’akụkụ dị iche iche
ibo_0299_topic,politics
ibo_0299_headline,Akụkọ kachasị n'ụtụtụ a: Hafiz Ringim chọrọ ịma maka ndị uweojii
ibo_0300_topic,politics
ibo_0300_headline,Ihe ndị ntorọbịa na-eme dịka ntuliaka ọkwa Onyeisiala Naịjirịa
ibo_0301_topic,politics
ibo_0301_headline,End Sars: Lai Mohammed ekwuola ihe mere CNN ji amachiba ụlọọrụ ntakụkọ CNN maka
ibo_0302_topic,politics
ibo_0302_headline,Akụkọ kachasị n'ụtụtụ a: INEC agbochiela ntụlịaka ọkwa onyeisi
ibo_0303_topic,politics
ibo_0303_headline,Nnamdi Kanu agwala ndị ntakụkọ etu o si zọọ isi onwe ya
ibo_0304_topic,entertainment
ibo_0304_headline,Femi Fani-Kayode: Ihe ndị i kwesịrị ịma maka onye nyere ya nwebeghị onye
ibo_0305_topic,politics
ibo_0305_headline,Nnamdi Kanu: Ihe mere Ekweremadu adịghị mma karịa Biafra - Ndị ọwụwa Anyanwụ
ibo_0306_topic,entertainment
ibo_0306_headline,Charly Boy: Ihe ndị Naịjirịa jidere ha ọzọ
ibo_0307_topic,politics
ibo_0307_headline,Akụkọ kachasị n'ụtụtụ a: APC Imo eyigharịala ntuliaka imeọlụ g
ibo_0308_topic,politics
ibo_0308_headline,Chukwuemeka Ezeife: Ọ dị ezigbote mkpa ka ndị Anambra ahụ mee ntuliaka n'
ibo_0309_topic,politics
ibo_0309_headline,Akụkọ kachasị n'ụtụtụ a: Ụlọikpe mkpegharị enyela O.U.K mmer
ibo_0310_topic,politics
ibo_0310_headline,Nnamdi Kanu: Ọkụkọ anya na Kanu anaghị arọ nrọ ịbịa ụlọikpe ukwu
ibo_0311_topic,health
ibo_0311_headline,Anthony Ugochukwu: Ihe mere m ji asị na ọ dị n'akwa ọrịa kemgbe bụ akụrụ
ibo_0312_topic,politics
ibo_0312_headline,Charles Chukwuma Soludo: Ihe ndị ị kwesịrị ịma maka ntuliaka gọvanọ Anambara at
ibo_0313_topic,politics
ibo_0313_headline,Ne ga-eso zọọ ọkwa onyeisiala Naịjirịa maka ntuliaka 2023
ibo_0314_topic,politics
ibo_0314_headline,Enyinnaya Abaribe: Ihe Uchenna Awom asaala onyeisioche APC n'Abia
ibo_0315_topic,politics
ibo_0315_headline,Nnamdi Kanu: Okwu ọjọọ na ịkọ ọnụ agaghị enye Igbo Biafra - Ohaneze
ibo_0316_topic,politics
ibo_0316_headline,Ọ bụ eziokwu na ndị ọwụwa Anyanwu enweghị ohere iwepụta onyeisiala Naijiria
ibo_0317_topic,politics
ibo_0317_headline,Inec akpọpụtala Chimobi Ebisike dịka onye meriri na ntuliaka Aba North na South
ibo_0318_topic,politics
ibo_0318_headline,Rochas Okorocha: Ihe mere ndị mmadụ ji ewere ndụ ha ọtụtụ mgbe
ibo_0319_topic,religion
ibo_0319_headline,Ụkantụ ndị ụka Katọlik n'ụwa niile
ibo_0320_topic,religion
ibo_0320_headline,Akụkọ kachasị n'ụtụtụ a: A tọhapụla ndị sịsta Katọlik an
ibo_0321_topic,religion
ibo_0321_headline,Akụkọ kachasị n'ụtụtụ a: Ihe ụka Katọlik nwere ike ime gbasara F
ibo_0322_topic,religion
ibo_0322_headline,Catholic Diocese: Etu ndị ụka katoliki si akwado ịnara ntụ taa
ibo_0323_topic,religion
ibo_0323_headline,Ụlọụka e ji asambodo gosiri na ha amabeghị nwoke - Ndị ụmụagbọghọ
ibo_0324_topic,religion
ibo_0324_headline,Akụkọ kachasị n'ụtụtụ a: Ọkụ na-agba n’ụka Katọlik St Anthony
ibo_0325_topic,religion
ibo_0325_headline,Ụkọchukwu a ekwuola okwu dara gbawai ebe niile
ibo_0326_topic,religion
ibo_0326_headline,Odumeje: Ihe ndị ị kwesịrị ịma maka odogwu nwoke a
ibo_0327_topic,religion
ibo_0327_headline,Akụkọ kachasị n'abalị a: Ndị ụkọchukwu katolike akatọọla Buhari ritu
ibo_0328_topic,entertainment
ibo_0328_headline,Nwachukwu ekwuola ihe o ji anya hụ dịka ọ hụrụ nwanne ya nwaanyị
ibo_0329_topic,religion
ibo_0329_headline,Fada Mbaka agọrọla ụkwụ na aka ya na ngagharịiwe Adoration Ground
ibo_0330_topic,religion
ibo_0330_headline,Ụlọ ọrụ Catholic Ach Diocese akọwala etu ndị ntọrị si tọghapụ Fr luigi
ibo_0331_topic,religion
ibo_0331_headline,CAN eyipụla onwe ha n'akụkọ njem ngwado ndị COZA
ibo_0332_topic,religion
ibo_0332_headline,St Jude's Catholic Diocese: Etu ndị ojiegbe si wakporo ụlọụka St. Jude’s
ibo_0333_topic,religion
ibo_0333_headline,Akụkọ kachasị n'ụtụtụ a: Mmiri zoro n’Enugwu emeela ụka
ibo_0334_topic,sports
ibo_0334_headline,Ụmụnwaanyị Naịjiria na-anwụrụ agbaghị aka nwaanyị
ibo_0335_topic,sports
ibo_0335_headline,Bournemouth vs Man United: Man Utd azọọla ndị ọzọ anya n'ụbọchị Satọde
ibo_0336_topic,sports
ibo_0336_headline,Man City vs West Ham: Man City egosila West Ham na ogologo abụghụ
ibo_0337_topic,sports
ibo_0337_headline,Qatar 2022: Kedụ onye ga-abụ onye n'ime ndị ọgba bọọlụ ga-e
ibo_0338_topic,sports
ibo_0338_headline,Matthij de Ligt: Onye bụ onyeisiojii na-erite 'ballon d'Or'
ibo_0339_topic,sports
ibo_0339_headline,Tottenham vs Man United: Ole Gunnar Solksjaer gwara Mourinho n'abalị Wenwe
ibo_0340_topic,sports
ibo_0340_headline,Akụkọ kachasị n'ụtutu a: Messi na Ronaldo akwakọrọla ngwongwo ha
ibo_0341_topic,sports
ibo_0341_headline,Burnley vs Man United: Otu egwuregwu asọghị anya ka ha ji ọkpụ goolu abụọ chara
ibo_0342_topic,sports
ibo_0342_headline,Chelsea vs Hull City: Chelsea emeela ihe a tụrụ anya n'aka ha
ibo_0343_topic,sports
ibo_0343_headline,NBA vs NBA: Ihe i kwesịrị ịma maka mmerụ ahụ m na-asọmpị
ibo_0344_topic,politics
ibo_0344_headline,Akụkọ kachasị n'ụtụtụ a: Ifeanyi Ugwuanyi akwadola ka a kwụọ n
ibo_0345_topic,sports
ibo_0345_headline,Ihe D'Tigers atọọla na Naịjirịa n'ihi ụkọ ego
ibo_0346_topic,sports
ibo_0346_headline,Nigeria vs Cameroon: Ụfọdụ ndị Naịjirịa esila n'otu ha gafee ọzọ
ibo_0347_topic,sports
ibo_0347_headline,Champions League: Chelsea na Liverpool ejirila njọ ahị malite iko Champions League
ibo_0348_topic,sports
ibo_0348_headline,Salisu Yusuf: Ihe onyonyo egosila onye nchịkọta bọọlụ Naịjirịa na-an
ibo_0349_topic,sports
ibo_0349_headline,Man United vs Wolves: Chi ndị Man Utd ji otu ọkpụ goolu eserese n'ọnwụ
ibo_0350_topic,sports
ibo_0350_headline,Chelsea vs West Brom: Chelsea akpa kpojuo goolu afọ n'ihe bụ mmeri mbụ ha
ibo_0351_topic,sports
ibo_0351_headline,Everton vs Man City: Ihe i kwesiri ịma maka ndị otu eguw bọọlụ Manchester City
ibo_0352_topic,sports
ibo_0352_headline,Gernot Rohr: NFF chọrọ iwu kaja make ikpuchi ụmụnwaanyị na ala
ibo_0353_topic,sports
ibo_0353_headline,Roger Federer egosila Serena Williams na mmadụ na-aka ibe ya n'asọmpi 'Hopeman Cup'
ibo_0354_topic,sports
ibo_0354_headline,Kamaru Usman: Ihe ị kwesịrị ịma maka mmeri mgba UFC
ibo_0355_topic,sports
ibo_0355_headline,Tobi Amusan: Nwaafọ Naijiria abụrụla ọkaibe n'ụwa
ibo_0356_topic,sports
ibo_0356_headline,Akụkọ kachasị n'ụtụtụ a: Naịjirịa na Madagascar ji otu goolu gbaa onye ala
ibo_0357_topic,sports
ibo_0357_headline,Arsenal vs Burnley: Arsenal ewerela Burnley rachaa pịọm
ibo_0358_topic,sports
ibo_0358_headline,Watford vs Manchester United: Watford ekweghị ndị Man United ṅụọ mmiri tọgbọ iko
ibo_0359_topic,sports
ibo_0359_headline,Adnan Januzaj bụ onye bụ dike n'otu Belgium ugbua
ibo_0360_topic,sports
ibo_0360_headline,Nigeria vs Sudan: Super Eagles ejirila otu bọọlụ mba Sudan mere ihe egwuregwu
ibo_0361_topic,politics
ibo_0361_headline,Ƙudirin soke n'ihe ị kwesịrị ịma maka ndị na-abalị abụghị e
ibo_0362_topic,sports
ibo_0362_headline,Barcelona vs Chelsea: E reela Chelsea ọkpụ goolu mbụ Messi gbasoro Chelsea
ibo_0363_topic,sports
ibo_0363_headline,Arsenal vs Sporting: Kedụ mgbe a ga-ebi n'asọmpi Uefa Europa?
ibo_0364_topic,sports
ibo_0364_headline,Sevilla vs Man United: Sevilla agụọla ndị Man Utd ụlọ
ibo_0365_topic,sports
ibo_0365_headline,Manchester United vs Manchester United: Manchester United emeela nwanne ha Man City e cheta e bọọlụ
ibo_0366_topic,sports
ibo_0366_headline,Akụkọ kachasị n'ụtụtụ a: Tottenham azịzapụ Mauricio Pochettino chịkọtara ha af
ibo_0367_topic,sports
ibo_0367_headline,Brighton vs Tottenham: Tottenham azọọla ọnwụ n'isi
ibo_0368_topic,sports
ibo_0368_headline,Akụkọ kachasị n'ụtụtụ a: Gianni Infantino ewetela ohere ịchọ ọkwa
ibo_0369_topic,sports
ibo_0369_headline,Super Eaglets emeriela anyị ọchị n'ihu
ibo_0370_topic,sports
ibo_0370_headline,Akụkọ kachasị n'ụtụtụ a: Mo Salah tụnyere aka ya na-emeriri ha ụnya
ibo_0371_topic,sports
ibo_0371_headline,AFCON 2021: Ndị Naịjirịa na-asọmpi AFCON n'afọ abụọ
ibo_0372_topic,sports
ibo_0372_headline,Liverpool vs Liverpool: Liverpool akụọla ike n'ọchịeze ha
ibo_0373_topic,sports
ibo_0373_headline,Kamaru Usman bụ ọkaibe n'egwuregwu ọgụ a kpọrọ 'Mixed Martial arts'
ibo_0374_topic,sports
ibo_0374_headline,Chelsea vs Liverpool: E reela Chelsea ọkpụ goolu ise asatara anọ merie ha
ibo_0375_topic,sports
ibo_0375_headline,Ị ma maka onye kachasị n'egwuregwu nkata nke mba Amerịka?
ibo_0376_topic,sports
ibo_0376_headline,Ndị Super Eagles ekweghị ezu ike ruo mgbe ha nwụrụ mmeri
ibo_0377_topic,sports
ibo_0377_headline,Chelsea vs Grimsby: Chelsea egosila ihe ha ji bụrụ dike n'asọmpi iko
ibo_0378_topic,sports
ibo_0378_headline,Arsenal vs Tottenham: Egwu tara akpụ mgbe Arsenal an Tottenham
ibo_0379_topic,sports
ibo_0379_headline,Nigeria vs Norway: Ngwongwo eji mara Falcons taa
ibo_0380_topic,sports
ibo_0380_headline,Champions League group stage draw: Ronaldo ga-ezute Man United ọzọ
ibo_0381_topic,sports
ibo_0381_headline,Deontay Wilder ọ gaghị echere Fury aka mgba ọzọ
ibo_0382_topic,sports
ibo_0382_headline,Anthony Joshua vs Jarrel Miller: Akụkọ dị mkpa na ndị ọzọ Joshua na Joshua ga-asọ
ibo_0383_topic,sports
ibo_0383_headline,Kelechi Iheanacho: Ihe m ga-eme mgbe m na-agba bọọlụ
ibo_0384_topic,entertainment
ibo_0384_headline,Lauretta Onye bụ nwaanyị na-anọchị anya Naịjirịa n'egwuregwu ndị ike
ibo_0385_topic,sports
ibo_0385_headline,Akụkọ kachasị n'ụtụtụ a:Madagascar achụọla onwe ha goolu anọ
ibo_0386_topic,sports
ibo_0386_headline,Cristiano Ronaldo ahapụla Manchester United
ibo_0387_topic,sports
ibo_0387_headline,Chelsea vs Chelsea: A ka nwereike ịzọpụta otu Chelsea na izu Premier League a?
ibo_0388_topic,sports
ibo_0388_headline,Andy Ruiz ọkwụrụ n'anya bụ onyeisiala Buhari họpụtara ga-anọchị anya ya
ibo_0389_topic,sports
ibo_0389_headline,Arsenal vs Liverpool: Egbe Arsenal agbapụla 'chizoba' n'asọmpi Iko Carabao
ibo_0390_topic,sports
ibo_0390_headline,Penis Enlargment: Onye ọgbọsọ a sị nabata ya n'egwuregwu 'Basketball'
hau_0001_topic,business
hau_0001_headline,Yadda tsadar rayuwa ta jefa ƴan kasuwa kayan gwari a Kano
hau_0002_topic,politics
hau_0002_headline,DSS ta kama Godwin Emefiele daga DSS
hau_0003_topic,health
hau_0003_headline,Yadda iyayenta ke fafutikar kai ta makaranta
hau_0004_topic,politics
hau_0004_headline,'Yan Najeriya na neman agajin gwamnatin ƙasarsu don su koma gida
hau_0005_topic,business
hau_0005_headline,Abin da ya sa arewacin Najeriya ke fuskantar matsalar rashin matsugunai
hau_0006_topic,health
hau_0006_headline,Yadda gubar dalma ta shafi 'ya'yansa uku a Najeriya
hau_0007_topic,business
hau_0007_headline,Abin da ya sa gwamnatin jihar Kano ta bai wa 'yan kasuwa damar fita
hau_0008_topic,business
hau_0008_headline,Abin da ya sa gwamnatin Najeriya ta yanke hukuncin daurin shekara 10 kan dan kasuwar
hau_0009_topic,business
hau_0009_headline,An ƙara farashin kayanmu da kashi 30 cikin 100 saboda ƙaruwar farashin haɗa burinta
hau_0010_topic,business
hau_0010_headline,Birtaniyar za ta bai wa Ukraine tallafin kudi
hau_0011_topic,health
hau_0011_headline,Amurka ta ce tilas kamfanin Johnson & Johnson ya biya tarar $572m
hau_0012_topic,technology
hau_0012_headline,Yadda ake yaduwar matasa da sunan karatu a Turai - NAPTIP
hau_0013_topic,business
hau_0013_headline,Abubuwa biyar da suka kamata ku sani kan yajin aiki a Kano
hau_0014_topic,business
hau_0014_headline,Yadda ƙarancin kayan abinci ya kara ta'izara zuwa gagarumin rikicin siyasa a Sri Lanka
hau_0015_topic,business
hau_0015_headline,Algeria: Ana nuna mana girki da madara sun yi karancin kayayyaki a Algeria
hau_0016_topic,business
hau_0016_headline,APC ta yi zargin Buhari da ƙara farashin man fetur da wutar lantarki
hau_0017_topic,religion
hau_0017_headline,Sheikh Ahmad Gumi ya sako ƙarin mutum bakwai daga cikin fasinjojin da suka sace a Abuja-Kaduna
hau_0018_topic,business
hau_0018_headline,Bitcoin: Abin da ya sa kuke rubutu kan kudin kuskure
hau_0019_topic,business
hau_0019_headline,'Ba za mu kauce wa dala a Najeriya'
hau_0020_topic,business
hau_0020_headline,Coronavirus: Biden ya ce zai tallafi wa tattalin arzikin da korona ta yi wa illa matuka
hau_0021_topic,business
hau_0021_headline,Za a fara amfani da sabbin kudin Najeriya a karon farko cikin shekaru 20 a Najeriya
hau_0022_topic,health
hau_0022_headline,Coronavirus: Yadda 'yan ci-rana ke shirin tsallaka iyakar ƙasashe
hau_0023_topic,politics
hau_0023_headline,An kammala shiri don sake duba albashin ma'aikatan siyasa
hau_0024_topic,politics
hau_0024_headline,Shugabannin kasashen Yamma sun fara taron samar da tsaro a Nijar
hau_0025_topic,business
hau_0025_headline,Amurka ta gargadi Turkiyya kan janyewar dakarun Amurka
hau_0026_topic,religion
hau_0026_headline,Coronavirus: Yadda Saudiyya ta rage wajen samun kuɗin shiga a lokutan ayyukan Hajj
hau_0027_topic,business
hau_0027_headline,Manoman Ukraine sun girbe gonar da ya kai tan miliyan 20
hau_0028_topic,business
hau_0028_headline,'Abin da ya sa hauhawar farashi ta ƙaru a Najeriya'
hau_0029_topic,religion
hau_0029_headline,Maniyyatan Najeriya sun fara sauka a Saudiyya
hau_0030_topic,business
hau_0030_headline,Gwamnatin jihar Kano ta sassauta dala biliyan 10 don farfaɗo da kamfanonin da coronavirus ta naƙasa a
hau_0031_topic,business
hau_0031_headline,Adewale Adeyemo zai zama sabon mataimakin ma'ajin bailolin Amurka
hau_0032_topic,business
hau_0032_headline,Amurka zaftare dala Miliyan 100 don yaki da cutar
hau_0033_topic,health
hau_0033_headline,Shin taɓarɓarewar zaman lafiyar duniya ta 2021?
hau_0034_topic,business
hau_0034_headline,Sulachna Yevale: Abin da ya sa ba a iya sayar da kayan lambu
hau_0035_topic,business
hau_0035_headline,'Sai mun yi wahala yawancin jihohin Najeriya biyan albashin ma'aikata a 2020'
hau_0036_topic,business
hau_0036_headline,Elon Musk ya zama na ɗaya cikin jerin attajiran duniya
hau_0037_topic,business
hau_0037_headline,Kasar Gibraltar ta sako jirgin Iran mai jigilar mai
hau_0038_topic,business
hau_0038_headline,Masana tattalin arziƙi a Najeriya sun ce koma-bayan da matsin tattalin arzikin ƙasa ya shiga c
hau_0039_topic,business
hau_0039_headline,Abin da ya sa hauhawar farashin kayan abinci take tasiri a rayuwar 'yan Najeriya
hau_0040_topic,health
hau_0040_headline,Matashiyar Bahaushiya ta rungumi sana'ar tuki domin neman abin kai
hau_0041_topic,politics
hau_0041_headline,An kashe ma'aikatan da aka yi garkuwa da su a Afirka ta Yamma
hau_0042_topic,technology
hau_0042_headline,Bitcoin: Za a komawa wani sabon tsarin da zai samar da makamashin kasa da kashi daya cikin dari na 'yanzu'
hau_0043_topic,business
hau_0043_headline,Kungiyar masu sayar da motoci a Najeriya ta koka kan sayen kudin-fiton da hukumar kwasta ta yi
hau_0044_topic,business
hau_0044_headline,Coronavirus: Yadda za ku tura tallafin matasa da jari karkashin shirin Buhari
hau_0045_topic,health
hau_0045_headline,Amurka ta fara bai wa wuraren kasuwanci damar budewa
hau_0046_topic,business
hau_0046_headline,Najeriya za ta karbo karin bashin naira tiriliyan 11 don tafiyar da kasafin kudin 2023
hau_0047_topic,technology
hau_0047_headline,Jeff Bezos: Abubuwa biyar da suka faru a duniya
hau_0048_topic,business
hau_0048_headline,An samu hauhawar farashi tsakanin Najeriya da Jihohin ƙasar
hau_0049_topic,business
hau_0049_headline,Manoman albasa na Najeriya miliyan goma diyya
hau_0050_topic,religion
hau_0050_headline,Abin da ya sa matasan Afirka suka yi amfani da lambar yabo a matsayin jajirtaccen malamin makaranta
hau_0051_topic,religion
hau_0051_headline,Dauda Ali Biu: 'Gwamnati ta fito da ƙarfinta ga masu titunan Kirsimeti a Najeriya'
hau_0052_topic,business
hau_0052_headline,'Yan majalisar Najeriya sun rabu biyu kan sabbin ƙa'idojin CBN
hau_0053_topic,business
hau_0053_headline,Akinwumi Adesina: Wane ne shugaban Afirka na cin hanci?
hau_0054_topic,business
hau_0054_headline,Manoman Najeriya sun yi asarar Shinkafa fiye da naira biliyan daya
hau_0055_topic,technology
hau_0055_headline,Abin da 'yan Najeriya ke cewa kan karin kudin DSTV da GOTV na tauraron dan Adama
hau_0056_topic,business
hau_0056_headline,Bincike ya gano ingancin mata da maza a India
hau_0057_topic,politics
hau_0057_headline,Jam'iyyun ɓangare adawa a Tigray sun ja hankalin duniya kan yawan mutane
hau_0058_topic,business
hau_0058_headline,Abubuwan da suka faru a Afirka a wannan makon
hau_0059_topic,technology
hau_0059_headline,Ƙarairayin da ake zargin ƴan Sangoma a Zimbabwe ta hanyar sayar da yatsunsu a
hau_0060_topic,business
hau_0060_headline,'Abin da ya sa ake cin kasuwar bayan-fage da ake tace man fetur a Najeriya'
hau_0061_topic,health
hau_0061_headline,Coronavirus: 'Yan Majalisar Amurka sun amince da dala tiriliyan 2 don yaki da cutar
hau_0062_topic,business
hau_0062_headline,Waiwaye: Abubuwa biyar da ƴan Najeriya ke ciki a wannan makon
hau_0063_topic,business
hau_0063_headline,Za a bude iyakokin Najeriya cikin jin dadi da raha - Alhaji Salisu O I Jibiya
hau_0064_topic,business
hau_0064_headline,Manoma sun yi watsi da dokar soke dokokinsu a Indiya
hau_0065_topic,business
hau_0065_headline,Coronavirus ta sauya matsalar nauyin bashi ido rufe ga ƙasashen G20
hau_0066_topic,health
hau_0066_headline,'Yan Najeriya kusan dari biyu da suka koma gida don yaki da cutar damuwa a Indiya'
hau_0067_topic,business
hau_0067_headline,Aikin ma'aikatan wutar lantarki na Najeriya ya fara yajin aiki
hau_0068_topic,business
hau_0068_headline,Coronavirus: 'Gwamnati ta fara yi wa mutum rijistar kamfani kyauta don samun tallafin rage raɗaɗin
hau_0069_topic,business
hau_0069_headline,'Yan Mali sun tayar da tsakiyarsu da kisan kasa'
hau_0070_topic,business
hau_0070_headline,Kasafin kuɗin Najeriya ya fi naira tiriliyan 13 a 2021
hau_0071_topic,business
hau_0071_headline,Kasar Iran ta sake tare da jirgin dakon mai na waje a yankin Gulf
hau_0072_topic,business
hau_0072_headline,Elon Musk ya sauka daga matsayin ɗaya a jerin masu arziki a duniya
hau_0073_topic,business
hau_0073_headline,Ra'ayi Riga kan fafutikar mallakar gidaje a Najeriya
hau_0074_topic,business
hau_0074_headline,Najeriya za ta rasa kusan kashi 45 cikin 100 na kudin shigarta
hau_0075_topic,business
hau_0075_headline,Buɗe iyakokin Najeriya: Shugaba Buhari ya bayar da umarnin rufe iyakar Najeriya
hau_0076_topic,religion
hau_0076_headline,Abin da ya sa gwamnatin Najeriya ta buɗe iyakokin kasuwancin kayayyaki a ƙasashen duniya
hau_0077_topic,business
hau_0077_headline,Manyan kasashe na yasar da mota masu firgita gurbat da hayaki a ƙasashen duniya
hau_0078_topic,business
hau_0078_headline,Manoma sun kaddamar da dalar buhunan masara a Kaduna
hau_0079_topic,business
hau_0079_headline,CBN ya umarci bankuna rage cajin kuɗin da ake yi wa 'yan Najeriya
hau_0080_topic,business
hau_0080_headline,Babban bankin Najeriya ya karya darajar Naira da kashi 8.2 cikin 100
hau_0081_topic,entertainment
hau_0081_headline,Abubuwan da suka kamata ku sani game da nishaɗi
hau_0082_topic,entertainment
hau_0082_headline,Kanye West: Fitattun mawaƙin da ya yi asarar miliyoyin daloli
hau_0083_topic,entertainment
hau_0083_headline,Daga Bakin Mai Ita: Ba ake biyan 'yan Kannywood ba - Ladin Cima
hau_0084_topic,entertainment
hau_0084_headline,...Daga Bakin Mai Ita tare da Fatima Isah Muhammed
hau_0085_topic,entertainment
hau_0085_headline,...Daga Bakin Mai Ita tare da Fati Bacca Fagge
hau_0086_topic,religion
hau_0086_headline,Bidiyon hirar BBC da Ayodeji Rotinwa
hau_0087_topic,technology
hau_0087_headline,An gano duniyar bayan dazon taurarin da ke ciki
hau_0088_topic,entertainment
hau_0088_headline,Rahama Sadau ta bude wajen ciye-ciye da shaye-shaye a Kaduna
hau_0089_topic,entertainment
hau_0089_headline,Sarauniya Elizabeth II: Abin da ya sa wasu mutane ke cewa game da rashin tabbas
hau_0090_topic,entertainment
hau_0090_headline,Yarima Philip da Sarauniyar Ingila sun yi masa tiyata a zuciyarsa
hau_0091_topic,entertainment
hau_0091_headline,Sarauniyar Ingila Elizabeth II ta rasu
hau_0092_topic,entertainment
hau_0092_headline,...Daga Bakin Mai Ita tare da Adamar kamaye
hau_0093_topic,entertainment
hau_0093_headline,Adam A. Zango ya fito karara ya ce ya fice daga masana'antar shirya fina-finan Hausa
hau_0094_topic,entertainment
hau_0094_headline,Muhimmancin wakar Iran: Mawakin kasar Iran ya shiga zaman gidan yari
hau_0095_topic,entertainment
hau_0095_headline,Nafisa Abdullahi: Ba za mu ci gaba da taka leda a shirin 'Labarina' ba
hau_0096_topic,health
hau_0096_headline,Yadda ƙasashen duniya ke fama da karin harshe
hau_0097_topic,entertainment
hau_0097_headline,Adaobi Nwaubani: Ana murnar cikar Sarauniyar Ingila shekara 70 a karkara mulki a Najeriya
hau_0098_topic,entertainment
hau_0098_headline,Waƙar Mai Waƙa
hau_0099_topic,entertainment
hau_0099_headline,'Abin da ya sa na gaji mahaifina a wasan kwaikwayo saboda alherin da ya yi lokacin
hau_0100_topic,entertainment
hau_0100_headline,...Daga Bakin Mai Ita tare da Ali Jita
hau_0101_topic,entertainment
hau_0101_headline,Rabi'u Rikadawa: Abin da ya sa na yin rawar da yake takawa a shirin Labarin Mai Dogon Zango
hau_0102_topic,entertainment
hau_0102_headline,Matan Sudan Hausawa na taruwa lokaci zuwa lokaci don yin hira
hau_0103_topic,entertainment
hau_0103_headline,...Daga Bakin Mai Ita tare da Hajiya Madaki
hau_0104_topic,entertainment
hau_0104_headline,...Daga Bakin Mai Ita tare da Hanatu
hau_0105_topic,entertainment
hau_0105_headline,James Jameson ya mutu yana da shekara 90 da haihuwa
hau_0106_topic,entertainment
hau_0106_headline,Ta waya ɗaya muke amfani da ita saboda tsabar shaƙuwa
hau_0107_topic,business
hau_0107_headline,Yadda za ku kalli kayayyakin ƙawa a bikin shekarar Daliban Kudu
hau_0108_topic,entertainment
hau_0108_headline,Hotunan Afirka na mako daga 15 zuwa 21 na Afrilun 2022
hau_0109_topic,politics
hau_0109_headline,Aisha Babangida: Na gayyaci dukkanin mata tsofaffin shugabannin Najeriya
hau_0110_topic,entertainment
hau_0110_headline,Waƙar 'Ƙaddarar Rayuwa'
hau_0111_topic,entertainment
hau_0111_headline,Bidiyon Ku San Malamanku tare da Geeboy
hau_0112_topic,entertainment
hau_0112_headline,Sani Garba SK: 'Abin da ya sa na rasu a Kano'
hau_0113_topic,entertainment
hau_0113_headline,An yi mana mummunar fahimta kan batun tace fina-finan Hausa a Kano
hau_0114_topic,entertainment
hau_0114_headline,Jaziri Sabon cele mawaƙin Hausa ya fara shauƙin ira waƙa ‘kusan dubu ɗaya’
hau_0115_topic,entertainment
hau_0115_headline,Ahmad Tag: Ƴan Kannywood na alhinin rasuwar Ahmad Aye
hau_0116_topic,entertainment
hau_0116_headline,Prince Philip: Shugabannin kasashe sun aike wa sakon ta'aziyya kan rasuwar Sarauniyar Sifaniya
hau_0117_topic,entertainment
hau_0117_headline,...Daga Bakin Mai Ita tare da Rahama Mk Sulaiman
hau_0118_topic,entertainment
hau_0118_headline,Sarauniya Elizabeth II: Ziyarar Sarauniyar Ingila
hau_0119_topic,entertainment
hau_0119_headline,Nafisa Abdullahi ta gargadi masu haifar 'ya'ya ba tare da kula da su ba
hau_0120_topic,entertainment
hau_0120_headline,Yarima Philip: 'Abin da ya sa na samu aiki a tsare-tsaren wasannin motsa jiki'
hau_0121_topic,entertainment
hau_0121_headline,...Daga Bakin Mai Ita tare da Karima a Izzar So
hau_0122_topic,health
hau_0122_headline,Eric Garner: Kotu ta samu wanda ya laifi kan harbe 'yan Amurka
hau_0123_topic,politics
hau_0123_headline,Dauda Adamu Kahutu Rarara: 'Buhari ya sa na yi wa Buhari waka'
hau_0124_topic,entertainment
hau_0124_headline,Sanusi Oscar: Kotu ta bayar da belin 'yan fim a Kano
hau_0125_topic,entertainment
hau_0125_headline,Jana'izar Sarauniya Elizabeth a Westminster Abbey: Abin da ya kamata ku sani kan jana'izar kasar
hau_0126_topic,entertainment
hau_0126_headline,Gabon: Mawakin 'Ragga' ya zama dan Najeriya
hau_0127_topic,entertainment
hau_0127_headline,...Daga Bakin Mai Ita tare da Umma Shehu
hau_0128_topic,entertainment
hau_0128_headline,Hadiza Gabon: 'Abin da ya sa na yi na sanin yin ta a Twitter a Lahadi'
hau_0129_topic,entertainment
hau_0129_headline,Yadda masu sha'awar wakokin K-pop suke fadin ɗaga
hau_0130_topic,entertainment
hau_0130_headline,Bollywood ta dakatar da daukar fina-finan Kannywood a India
hau_0131_topic,entertainment
hau_0131_headline,Tarihin mutuwar Sarauniyar Ingila na Edinburgh
hau_0132_topic,technology
hau_0132_headline,Netflix ya ga karuwar masu amfani da manhajar kallon fina-finai a wannan shekarar
hau_0133_topic,politics
hau_0133_headline,Aminu Ado Bayero: Gwamnatin Kano ta nada Sarkin Kano Muhammadu Sanusi II
hau_0134_topic,politics
hau_0134_headline,Ra'ayi Riga kan taron tattaunawa da 'yan takarar shugaban Najeriya a zaben baɗi
hau_0135_topic,entertainment
hau_0135_headline,An fallasa sarauniya Elizabeth II a wani sabon littafin
hau_0136_topic,entertainment
hau_0136_headline,An kama Naziru M. Ahmed saboda batancin da ya yi a Kano
hau_0137_topic,entertainment
hau_0137_headline,Yadda aka fi sani da Ubale Wanke-Wanke
hau_0138_topic,entertainment
hau_0138_headline,Adam Zango ya yi rijisto da hukumar tace fina-finan Kano
hau_0139_topic,entertainment
hau_0139_headline,...Daga Bakin Mai Ita tare da Rukayya ta Labarina Series
hau_0140_topic,sports
hau_0140_headline,An naɗa Ali Nuhu a matsayin jakadun La Liga a Arewacin Najeriya
hau_0141_topic,entertainment
hau_0141_headline,Yadda Elizabeth II ta zama sarauniyar Ingila
hau_0142_topic,entertainment
hau_0142_headline,'Na yi fama da korona lokacin da na yi tafiya zuwa wasu kasashen duniya'
hau_0143_topic,entertainment
hau_0143_headline,Mubarak Abdul Karim: Safiya Yusuf ta karfafa wa Safiya gwiwa
hau_0144_topic,entertainment
hau_0144_headline,...Daga Bakin Mai Ita tare da Aminu Abba
hau_0145_topic,entertainment
hau_0145_headline,Sarauniya Elizabeth II: Sarki Charles na III ya gaji mahaifiyarta
hau_0146_topic,entertainment
hau_0146_headline,Sarauniya Elizabeth II: Tauraruwar Sarauniyar Ingila da Gimbiyar Wales
hau_0147_topic,politics
hau_0147_headline,Ado Bayero ya naɗa ɗan uwansa a matsayin Sarkin Dawaki
hau_0148_topic,entertainment
hau_0148_headline,Kayin Elizabeth ya zama Sarki George na biyu
hau_0149_topic,technology
hau_0149_headline,Waƙa: Hanyoyin isar da saƙoƙin da aka fi sani game da waƙa
hau_0150_topic,entertainment
hau_0150_headline,Abin da ya sa hukumar tace fina-finan Kano ba ta da hurumin tace waƙoƙin yabon Annabi
hau_0151_topic,entertainment
hau_0151_headline,Hirar 'yan Bollywood da suka yi fice a fina-finan Hollywood
hau_0152_topic,entertainment
hau_0152_headline,...Daga Bakin Mai Ita Tare da Gidan Badamasi
hau_0153_topic,entertainment
hau_0153_headline,Hotunan Afrika da ke haƙƙin mallaka
hau_0154_topic,entertainment
hau_0154_headline,Adam A. Zango: Tauraron fina-finan Kannywood ya yi rijistar censorship
hau_0155_topic,entertainment
hau_0155_headline,An saki Nazir Ahmad Sarkin Waka bayan ya cika sharudan belin Kotun 'yan sanda
hau_0156_topic,entertainment
hau_0156_headline,Wata mace da ke rawa da yin waƙar jawo ce-ce-ku-ce matuƙa a India
hau_0157_topic,entertainment
hau_0157_headline,Mata sun bukaci a gidan Sarauniya ya nemi afuwarsu
hau_0158_topic,entertainment
hau_0158_headline,Auwal Ahmad Janyan Da Ahmad Abba Abdullahi
hau_0159_topic,entertainment
hau_0159_headline,Matan da basu da aure ne a Indiya
hau_0160_topic,entertainment
hau_0160_headline,'Abin da ya sa na samu sauya 'yan fina-finai a fim mai dogon zango'
hau_0161_topic,entertainment
hau_0161_headline,Yadda Elizabeth II ta zama sarauniyar Ingila
hau_0162_topic,entertainment
hau_0162_headline,Abin da masana'antar fina-finan Hausa ta Najeriya ke cewa kan durkushewa
hau_0163_topic,entertainment
hau_0163_headline,...Daga Bakin Mai Ita tare da Abdullah Amdaz
hau_0164_topic,entertainment
hau_0164_headline,Ashiru Nagoma: 'Abin da ya sa na daɗe a cikin hali na ƙwaƙwalwa'
hau_0165_topic,entertainment
hau_0165_headline,Kaduna: Masu ruwa da tsaki na ce-ce-ku-ce kan batun ba su fili
hau_0166_topic,entertainment
hau_0166_headline,Tsangaar Asali: Abubuwan da suka kamata a yi wajen inganta al'ummar Kano
hau_0167_topic,entertainment
hau_0167_headline,"...Daga Bakin Mai Ita tare da Ibrahim Nasir, Alhaji Samunu Baba na Kwana 90"
hau_0168_topic,entertainment
hau_0168_headline,Sarauniyar Ingila ta rasu
hau_0169_topic,entertainment
hau_0169_headline,...Daga Bakin Mai Ita tare da Rashida Mai Sa'a
hau_0170_topic,entertainment
hau_0170_headline,Ibrahim Sheme: Abin da ya sa na kirkiro kalmar Kannywood 'N' guda daya
hau_0171_topic,entertainment
hau_0171_headline,Sani Maiƙafiya: 'Abin da ya sa na sa waƙar da ya yi ta karaɗe garin'
hau_0172_topic,entertainment
hau_0172_headline,...Daga Bakin Mai Ita tare da Sulaiman Bosho
hau_0173_topic,entertainment
hau_0173_headline,Hamisu Breaker: Abin da ya sa na yi wa mata wakar 'jarumar mata'
hau_0174_topic,entertainment
hau_0174_headline,...Daga Bakin Mai Ita tare da Aminu S Bonio
hau_0175_topic,entertainment
hau_0175_headline,Hikayata 2019: Labarin 'Awa 48' na Farriyya Tijjani Kalarawi
hau_0176_topic,entertainment
hau_0176_headline,Adam Zango ya biya kudin karatun marasa karfi na shekara uku
hau_0177_topic,health
hau_0177_headline,Coronavirus: Nuhu ya nemi mutane su bi abin da likitoci ke cewa kan cutar
hau_0178_topic,entertainment
hau_0178_headline,...Daga Bakin Mai Ita tare da 'Naija' ta Nijar
hau_0179_topic,entertainment
hau_0179_headline,Ado Gwanja: Na hira da 'yan Kannywood da suka shahara a fannin Hausa
hau_0180_topic,entertainment
hau_0180_headline,Kannywood: Daga ranar 21-27 ga watan Nuwamba 2020
hau_0181_topic,health
hau_0181_headline,Kim Jong-un na fama da matsananciyar rashin lafiya
hau_0182_topic,health
hau_0182_headline,'Abin da ya sa aka saki sauRayen da aka jirkita kwayoyin halittun nasu cikin jama'a'
hau_0183_topic,health
hau_0183_headline,Yadda matasa ke kashe sama da awa uku a rana
hau_0184_topic,health
hau_0184_headline,Coronavirus: Mutum miliyan 50 sun rasa rayukansu ga annobar korona
hau_0185_topic,health
hau_0185_headline,'Matsalar tsaro na jawo ɓangarewar lafiyar ɗimbin marasa lafiya a Najeriya'
hau_0186_topic,health
hau_0186_headline,Lafiya Zinariya: Alamomin da ke sa mutane su dace da tashin hankali
hau_0187_topic,health
hau_0187_headline,Lafiya Zinariya: Abincin da ya kamata mai azumi ya ci lokacin bude-baki
hau_0188_topic,health
hau_0188_headline,Lafiya Zinariya: Ayeyi na fama da cutar rashin kwarin kashi
hau_0189_topic,health
hau_0189_headline,Abin da ya sa mutane ke fama da ciwon basir
hau_0190_topic,health
hau_0190_headline,Buhari ya amince da korar babban sakataren hukumar Inshorar lafiya a Najeriya
hau_0191_topic,health
hau_0191_headline,Coronavirus: Yadda iskar oxygen ta ƙare ya nuna alamar ƙrfin gwiwa na cutar korona
hau_0192_topic,health
hau_0192_headline,Coronavirus: Yadda mutum zai san ko yake da coronavirus
hau_0193_topic,business
hau_0193_headline,Coronavirus: Kamfanonin jiragen China sun dakatar da jigilarsu zuwa China
hau_0194_topic,health
hau_0194_headline,Hanyoyin da za ku bi domin kare kai daga samun jaririn da ba a shirya jima’i ba
hau_0195_topic,health
hau_0195_headline,Coronavirus a Najeriya: Gwamnatin China ta ce a shirye take ta taimaka wa Najeriya da sauran kasashen Afirka
hau_0196_topic,health
hau_0196_headline,Lafiya Zinariya: Hanyoyin da za a magance damuwar da ke yi bayan rabuwa da masoyiya
hau_0197_topic,health
hau_0197_headline,Maurice Iwu ya ce ya gano maganin cutar Coronavirus
hau_0198_topic,health
hau_0198_headline,Abin da ya sa matakaimen abinci za su iya bunkasa gamuwa yayin jima’i
hau_0199_topic,health
hau_0199_headline,Lafiya Zinariya: Abin da ba ku sani ba game da cutar sikila
hau_0200_topic,health
hau_0200_headline,Cutar tsananin damuwa na shafar mutane
hau_0201_topic,health
hau_0201_headline,Lafiya Zinariya: Cututtukan da suka shafi jini a jikin dan adam
hau_0202_topic,health
hau_0202_headline,Yadda titisawa ke haifar da matsalar rashinsa ga lafiyar ɗan Adam
hau_0203_topic,business
hau_0203_headline,Yawon da yalo ke samar da danne a arewacin Najeriya
hau_0204_topic,health
hau_0204_headline,Yadda hawan jini ke saukar jinin mutum idan ya yi fama da matsalar kwakwalwa
hau_0205_topic,health
hau_0205_headline,Cutar Polio: Yadda aka gano ƙwayar cutar Polio a duniya
hau_0206_topic,health
hau_0206_headline,Biden ya bukaci Amurkawa su sanya takunkumi a kwanaki
hau_0207_topic,health
hau_0207_headline,Lafiya Zinariya: Hanyoyin da za a bi domin rage yaduwar cutar sikila
hau_0208_topic,health
hau_0208_headline,WHO ta ce za ta ci gaba da aiki domin yaki da cutar
hau_0209_topic,health
hau_0209_headline,Lafiya Zinariya: Illolin amfani da wuta ga masu iska
hau_0210_topic,health
hau_0210_headline,Lafiya Zinariya: Yadda ƴaƴanta biyu ke fama da ciwon da ya shafi ƙwaƙwalwa
hau_0211_topic,health
hau_0211_headline,Yadda za ku yi min wankin koda a fadin duniya
hau_0212_topic,health
hau_0212_headline,Yadda jarirai suke samun matsalar zubewar gashi
hau_0213_topic,health
hau_0213_headline,Coronavirus: Wani daliban Ghana ya ce halin dimuwa da masu kasashe ke ciki a China
hau_0214_topic,health
hau_0214_headline,Coronavirus: 'Mun samar da riga-kafin korona a Oxford'
hau_0215_topic,health
hau_0215_headline,Lafiya Zinariya: Alamomin ciwon kan da ke shafar mata
hau_0216_topic,technology
hau_0216_headline,Senegal: An kai fasinjojin hudu a gabar ruwa a Dakar
hau_0217_topic,health
hau_0217_headline,Yadda zazzaɓin cizon sauro ya yi mummunar illa a Jigawa
hau_0218_topic,health
hau_0218_headline,Lafiya Zinariya: Cutar gúshewar hankali na illa ga lafiyar mutane miliyan 20 a fadin duniya
hau_0219_topic,health
hau_0219_headline,Yadda za ku samar da allurar gano matsananciyar ƙiba
hau_0220_topic,health
hau_0220_headline,Coronavirus a Faransa: Shin cutar korona na haifar da ƙwaƙwalwar huhu?
hau_0221_topic,health
hau_0221_headline,Karima: 'Na taba tunanin haihuwar dan Adam na iya shiga wani yanayi na tsananin bakin ciki'
hau_0222_topic,technology
hau_0222_headline,TikTok: Yadda 'yar TikTok ke taimaka wa mutanen da ke fama da matsalar kwakwalwa tsaftace gidansu
hau_0223_topic,politics
hau_0223_headline,Ra'ayi Riga: Rikici kan gyaran dokar zaɓe
hau_0224_topic,health
hau_0224_headline,Coronavirus a Najeriya: Ko ƙasashen duniya za su iya yaƙi da annobar?
hau_0225_topic,health
hau_0225_headline,Matashiyar da ke neman ilimi a Najeriya
hau_0226_topic,health
hau_0226_headline,Lafiya Zinariya: An kai asibitin da aka ware na musamman domin magance yaduwar cutar COVID-19
hau_0227_topic,health
hau_0227_headline,Yadda za ku yi kafin ku samu koshin lafiya - Bincike
hau_0228_topic,health
hau_0228_headline,Coronavirus: Cutar korona na kara yaduwa a duniya
hau_0229_topic,health
hau_0229_headline,Yadda ake shan shisha mai sinadarin tobacco da ke janyo ciwon zuciya
hau_0230_topic,health
hau_0230_headline,Lafiya Zinariya: Abin da ba ku sani ba game da cutar matsananciyar damuwa
hau_0231_topic,business
hau_0231_headline,Yadda manyan shagunan kasuwa ke kawo karin nau'in abincin da ba sa cin nama
hau_0232_topic,health
hau_0232_headline,Lafiya Zinariya: Hanyoyin maganin ciwon daji da hanyoyin magance shi
hau_0233_topic,health
hau_0233_headline,Amsoshin Takardunku 26/11/2022
hau_0234_topic,health
hau_0234_headline,Cutar Farfadiya: Yadda ake kamu da cutar da take shafar kwakwalwa
hau_0235_topic,health
hau_0235_headline,Ranar Kiɗiwuwar Duniya: Cutar kiɗimma da ke haddasa tsofaffi
hau_0236_topic,health
hau_0236_headline,Lafiya Zinariya: Abin da ba ku sani ba game da cutar daji ta hanji
hau_0237_topic,health
hau_0237_headline,WHO ta bai wa mutum miliyan bakwai damar yaki da cutar
hau_0238_topic,health
hau_0238_headline,Lafiya Zinariya: Rigimar riga-kafi na jawo koma-baya a yaki da cutuka
hau_0239_topic,health
hau_0239_headline,Coronavirus: Yadda ɓeraye ke neman abinci a gidajensu
hau_0240_topic,health
hau_0240_headline,Aisha Bello Yusuf: Illolin yin aure da cutar Sikila
hau_0241_topic,health
hau_0241_headline,Lafiya Zinariya: Ciwon koda na barazana ga lafiyar al'ummar duniya
hau_0242_topic,health
hau_0242_headline,Coronovirus ta yi kisan farko a duniya
hau_0243_topic,health
hau_0243_headline,Abubuwan da suka kamata ku sani game da ciwon suga
hau_0244_topic,health
hau_0244_headline,Gwamnatin jihar Kano ta tabbatar da cewa mutum 10 sun mutu sakamakon shan sinadarin lemon
hau_0245_topic,health
hau_0245_headline,Lafiya Zinariya: Matar da ta rasa 'yarta mai ciki
hau_0246_topic,health
hau_0246_headline,Yadda likitocin Najeriya ke yajin aiki a Saudiyya
hau_0247_topic,health
hau_0247_headline,Cutar Kansar bakin mahaifa: Yadda za ku kare kai daga kamuwa da cutar
hau_0248_topic,business
hau_0248_headline,Abubuwan da ke jawo muku idan na kasa samun aikin ba - Masallacin Najeriya
hau_0249_topic,health
hau_0249_headline,Mutumin da ya fi kowa karinta a duniya ya rasu
hau_0250_topic,health
hau_0250_headline,Coronavirus: Alamomin da suka bambanta 'ruɗa' ga lafiyar ɗanɗanonsu'
hau_0251_topic,health
hau_0251_headline,Coronavirus: An samu mace-mace a Kano don yaki da cutar dakile yaduwar korona
hau_0252_topic,health
hau_0252_headline,Lafiya Zinariya: Ana bincike kan wata cutar da ake zargin ta halaka a wata kasa
hau_0253_topic,health
hau_0253_headline,Lafiya Zinariya: Wanne irin ɓarnar da annobar ta haifar ya sauya tsarin halittar ɗan’ Adam?
hau_0254_topic,entertainment
hau_0254_headline,Adaobi Nwaubani: Matar da ta shiga wani yanayi mai wuya da larurar fata
hau_0255_topic,health
hau_0255_headline,Ebola ta kashe mutane a wani kauye don yaki da cutar
hau_0256_topic,health
hau_0256_headline,An gano mutum 100 a Najeriya
hau_0257_topic,health
hau_0257_headline,Coronavirus: Hanyoyi uku da za ku iya hasashen yaɗuwar cutar kwalara
hau_0258_topic,health
hau_0258_headline,Abin da ya kamata ku ci kafin a ci idan kun haura mataki
hau_0259_topic,health
hau_0259_headline,Yadda 'yan Najeriya ke fama da cutar mai karya garkuwar jiki a 2020
hau_0260_topic,health
hau_0260_headline,Cutar koda: Yadda za ku kare kai daga kamuwa da cutar
hau_0261_topic,health
hau_0261_headline,Coronavirus: Hanyoyin kare kai daga coronavirus a Najeriya
hau_0262_topic,health
hau_0262_headline,Yadda ake dorin gargajiya a Jigawa
hau_0263_topic,health
hau_0263_headline,Abin da ya sa aka kashe wani mutum a ɗakin ajiye gawa a Indiya
hau_0264_topic,health
hau_0264_headline,Amurkawa na cikin hadarin launin fata
hau_0265_topic,health
hau_0265_headline,Lafiya Zinariya: Hanyoyin kaucewa kamuwa da cutar kyandar biri
hau_0266_topic,health
hau_0266_headline,Bayanin Dr Nasiru Sani Gwarzo
hau_0267_topic,health
hau_0267_headline,Dysplasia: Cutar da ke shafar ƙwayoyin halittar mutum a Najeriya
hau_0268_topic,health
hau_0268_headline,Christian Eriksen ya shafe daren shi na uku a asibiti
hau_0269_topic,health
hau_0269_headline,Yadda yajin aikin ma'aikatan lafiya ya zama ruwan dare a asibitocin Najeriya
hau_0270_topic,health
hau_0270_headline,Shin kun san cutar guba a abinci?
hau_0271_topic,health
hau_0271_headline,Coronavirus a Kano: Cutar korona ta kashe mutum 92 a yawan masu fama da cutar
hau_0272_topic,health
hau_0272_headline,Lafiya Zinariya: Abin da ya sa arewacin Najeriya suke fama da ciwon suga
hau_0273_topic,health
hau_0273_headline,Lafiya Zinariya: Yadda aka yi wa masu fama da larurar amini
hau_0274_topic,health
hau_0274_headline,Lafiya Zinariya: An fara yi wa ma'aikatan kiwon lafiya allurar riga-kafin korona a Najeriya
hau_0275_topic,health
hau_0275_headline,Ranar Kurame Ta Duniya: Yadda za ku kaucewa matasalar ji
hau_0276_topic,health
hau_0276_headline,Lafiya Zinariya: Yadda mata ke fama da matsalar rashin haihuwa
hau_0277_topic,health
hau_0277_headline,Coronavirus: 'Yan yada labarai sun ce 'yan jarida sun fi son magana a kan Trump
hau_0278_topic,health
hau_0278_headline,China za ta bude asibitin kwana biyar don yaki da cutar
hau_0279_topic,health
hau_0279_headline,'Abin da ya warke daga cutar HIV'
hau_0280_topic,politics
hau_0280_headline,PDP na zanga-zangar mabiya jam'iyyar PDP kan ɓatanci kan 'yan siyasa
hau_0281_topic,politics
hau_0281_headline,Zabe Kogi: Wani kwale-kwale ya kafa tarihi a zaben gwamnan jihar Kogi
hau_0282_topic,politics
hau_0282_headline,Buhari ya ce a shirye yake ya taya ƴan takarar shugaban ƙasa yaƙin zaɓe
hau_0283_topic,politics
hau_0283_headline,Mamman Daura: Abin da ya sa nake cewa game da matsalar tsaro a Najeriya
hau_0284_topic,politics
hau_0284_headline,APC 2023: Tinubu ya gana da Wike da gwamnonin PDP a shirin Tinubu
hau_0285_topic,politics
hau_0285_headline,APC ba ta zama cikakkiyar jam'iyya ba - Dakta Abubakar Umarkari
hau_0286_topic,politics
hau_0286_headline,APC ta ware wa Arewa muƙamin shugaban jam'iyyar na ƙasa
hau_0287_topic,politics
hau_0287_headline,Rabi'u Kwankwaso: Gwamnatin Najeriya ta janye matakan karin farashin man fetur da kuma na wutar lantarki
hau_0288_topic,politics
hau_0288_headline,Kotu ta soke zaben gwamnan Bayelsa
hau_0289_topic,politics
hau_0289_headline,An samu ƙaruwar munanan hare-hare a Imo da Enugu da Abia
hau_0290_topic,politics
hau_0290_headline,Sadiq Ango Abdullahi: Yadda ‘yan bindiga suka yi garkuwa da su daga jirgin fasinja zuwa Kaduna
hau_0291_topic,politics
hau_0291_headline,Abin da ya sa jam'iyyun siyasa ke fafutikar ɗinke ɓarakar da ke da ita
hau_0292_topic,politics
hau_0292_headline,Yakubu Dogara: Ana bayar da kwangiloli ba bisa ka'ida ba a Bauchi
hau_0293_topic,politics
hau_0293_headline,'Yan Najeriya sun ce-ce-ku-ce kan kalamansa a shafukan sada zumunta
hau_0294_topic,politics
hau_0294_headline,Ahmed Lawan: 'Ba na yarda da yawancin mutanen da ya nada a matsayin shugaban APC'
hau_0295_topic,politics
hau_0295_headline,Za mu ci gaba da tattaunawar juna a Najeriya - Aminu Waziri Tambuwal
hau_0296_topic,politics
hau_0296_headline,Najeriya ta samu 'yancin kansa daga Turawan mulkin Birtaniya
hau_0297_topic,business
hau_0297_headline,Shugaban Rasha ya ce za a bai wa Majalisar Duniya damar ziyara
hau_0298_topic,politics
hau_0298_headline,Jam'iyyar 'Ba za ta iya janye wa ƙarshen tarihi a ƙasar Jaipur
hau_0299_topic,politics
hau_0299_headline,APC: Shekarau ya yi watsi da sanarwar uwar jam'iyyar a Kano
hau_0300_topic,politics
hau_0300_headline,Atiku Abubakar: Ofistar shugaban kasa na bukatar mutumin da ba shi da inda-inda
hau_0301_topic,politics
hau_0301_headline,Atiku ya ce ƴan Najeriya ne suka buƙaci ya tsaya takarar shugaban kasa a 2023
hau_0302_topic,politics
hau_0302_headline,Zaɓaraka tsakanin Buhari da Asiwaju Bola Tinubu - Fadar shugaban Najeriya
hau_0303_topic,politics
hau_0303_headline,APC na neman samun nasara a zaben 2023 - Sanata Adamu
hau_0304_topic,politics
hau_0304_headline,EFCC ta kama 'yan majalisa a Najeriya
hau_0305_topic,politics
hau_0305_headline,APC ta sake tsangwamar Bulama a matsayin babban sakataren jam'iyyar
hau_0306_topic,politics
hau_0306_headline,Abubuwan da masana kimiyyar siyasa ke cewa kan takwarorinsa na kudu a 2023
hau_0307_topic,politics
hau_0307_headline,Gane Mini Hanya tsakanin ƴaƴan jam'iyyar APC a Kano
hau_0308_topic,politics
hau_0308_headline,Zaben 2023: Manyan 'yan APC da ke fatan ganin sun maye gurbin Buhari a zaben fitar da gwa
hau_0309_topic,politics
hau_0309_headline,Zaben fitar da gwani na jam'iyyar APC: Abubuwan da suka faru a Najeriya ranar Talata
hau_0310_topic,politics
hau_0310_headline,Abdullahi Ganduje ya ce tsohon gwamnan Kano ba shi da 'kariya'
hau_0311_topic,politics
hau_0311_headline,Ra'ayi Riga: Majalisar Dattijan Najeriya za ta iya aiwatar da sakamakon zaɓe
hau_0312_topic,politics
hau_0312_headline,Gwamnatin Zamfara ta ba da umarnin rufe fòfin yaɗa labarai shida
hau_0313_topic,politics
hau_0313_headline,Za a fito takarar gwamna Zamfara a NNPP – Kabir Ja-bakara
hau_0314_topic,religion
hau_0314_headline,Ku San Malamanku tare da Sheikh Halliru Maraya
hau_0315_topic,politics
hau_0315_headline,Aisha Buhari: Ina so a tura 'Matar Shugaban Kasa'
hau_0316_topic,politics
hau_0316_headline,Gane Mani Hanya: Abdullahi Adamu sabon shugaban jam'iyyar APC a Najeriya
hau_0317_topic,politics
hau_0317_headline,Rabi'u Kwankwaso: Dan takarar shugaban Najeriya na NNPP ya ce na tattauna da Peter Obi
hau_0318_topic,politics
hau_0318_headline,Zaɓen 2023: APC ta ce ce-ku-ce kan jerin sunayen tawagar yaƙin neman zaɓen shugaban
hau_0319_topic,politics
hau_0319_headline,Inec ta soma ba da katunan zaɓe na din-din-din a Najeriya
hau_0320_topic,politics
hau_0320_headline,Bola Ahmed Tinubu: Zaben fitar da gwani na shugaban ƙasa na jam'iyyar APC ya zama sabon shugaban
hau_0321_topic,politics
hau_0321_headline,Abin da ya sa ba a ganin kwazon gwamnatin Najeriya - Buhari
hau_0322_topic,politics
hau_0322_headline,Zaɓen 2023: Ba laifi ba masu zaɓe su karɓi kudi a zaben Najeriya
hau_0323_topic,politics
hau_0323_headline,INEC ta fitar da jerin sunayen ƴan takara daga majalisar dattawa da kuma na majalisar wakilai
hau_0324_topic,politics
hau_0324_headline,Sharif Abdullahi: Burina ya sa fannin ilimi ya habaka
hau_0325_topic,politics
hau_0325_headline,Zaɓen 2023: Abubuwan da suka faru a Najeriya a makonni uku
hau_0326_topic,politics
hau_0326_headline,Abacha ne ɗan takarar gwamnan Kano a ƙarƙashin PDP
hau_0327_topic,politics
hau_0327_headline,Rabi'u Kwankwaso: Tsohon gwamnan Kano ya bar jam'iyyar PDP zuwa NNPP
hau_0328_topic,politics
hau_0328_headline,Mamaki ya caccakar 'yan Najeriya kan labarin sauya sheƙar da Femi Fani-Kayode ya yi daga PDP
hau_0329_topic,politics
hau_0329_headline,APC: Ɓaraka ta kunno kai tsakanin ƴaƴan jam'iyyar Kano da Abdullahi Ganduje
hau_0330_topic,politics
hau_0330_headline,Abin da ke jan hankali a kan batun yi wa kundin tsarin mulki gyaran fuska
hau_0331_topic,politics
hau_0331_headline,Rundunar soji ta yi watsi da zargi da cin hanci da rashawar da sojojin Najeriya suke yi wa manyansu
hau_0332_topic,politics
hau_0332_headline,Elisha Abbo: Dan majalisar dattijan Najeriya ya nemi gafara
hau_0333_topic,politics
hau_0333_headline,Gwamnonin PDP sun yi Allah-wadai da Buhari kan matsayin hedikwatar APC
hau_0334_topic,politics
hau_0334_headline,Mu'azu Magaji: An kama tsohon Kwamishinan Ayyukan Kano na Kano
hau_0335_topic,politics
hau_0335_headline,Amurka ta ƙirƙiro rikicin ɗan Adam a Najeriya
hau_0336_topic,politics
hau_0336_headline,Zaɓen fitar da gwani daga ranar Alhamis zuwa Yunin 2022
hau_0337_topic,politics
hau_0337_headline,Buba Galadima: Tarihin fitar da dan siyasar nan a Najeriya
hau_0338_topic,entertainment
hau_0338_headline,Yakubu Mohammed: Ba na da uban gida a Kannywood ba har yanzu ina PDP
hau_0339_topic,politics
hau_0339_headline,Charles Chukwuma Soludo: Tarihin mutumin da ya rasu a zaben gwamnan Anambra
hau_0340_topic,business
hau_0340_headline,Gwamnatin Bauchi ta bin diddigin karbo kadarorin gwamnati fiye da naira tiriliyan daya
hau_0341_topic,politics
hau_0341_headline,Douye Diri: Tarihin mutumin da ya zama gwamnan Bayelsa na biyar a tarihi
hau_0342_topic,politics
hau_0342_headline,Zaben 2023: Injiniya Nura Khalil ya ce lokaci ya yi da jihohi za su daina jiran kudin daunu daga gwa
hau_0343_topic,politics
hau_0343_headline,Ranar Dimukuradiyya: Abubuwa biyar da suka faru a Najeriya a wannan makon
hau_0344_topic,politics
hau_0344_headline,Abdullahi A. Sule: Gwamnan Jihar Nasarawa ya ce kammala ayyukan da ya fara
hau_0345_topic,politics
hau_0345_headline,Bukatun Buhari: Majalisar dattawan Najeriya na son amshin shatar Buhari - Ahmad Lawan
hau_0346_topic,politics
hau_0346_headline,INEC ta fitar da alkaluman zaɓen INEC
hau_0347_topic,business
hau_0347_headline,Buhari ya gargadi 'yan bindigar da ke kashe-kashe a Najeriya
hau_0348_topic,politics
hau_0348_headline,Abin da ya sa manyan al'ummar Kaduna ke neman gyara ga kundin tsarin mulkin Najeriya
hau_0349_topic,politics
hau_0349_headline,Ƙudurin dokar zaɓen Buhari ya mayar wa jam'iyyun siyasa - Majalisun Najeriya
hau_0350_topic,politics
hau_0350_headline,Zaɓen 2023: Za a iya samar da ma’aikata da kayan aiki a zaben 2023 - INEC
hau_0351_topic,politics
hau_0351_headline,Abin da ya sa aka zama shugaban majalisar dattawan Najeriya ya zama 'ya'yana APC
hau_0352_topic,politics
hau_0352_headline,Zaben 2023: A shirye PRP za ta kara da manyan jam'iyyun siyasa a Najeriya
hau_0353_topic,politics
hau_0353_headline,Abin da ya sa majalisun dokokin Afirka suka tayar da zaman ƴan majalisa
hau_0354_topic,business
hau_0354_headline,Zaɓen 2023: Buhari ya tallafa wa maƙwabiyar Nijar da motocin da suka kai darajar naira biliyan ɗ
hau_0355_topic,politics
hau_0355_headline,Zaɓen 2023: INEC ta umarci jam'iyyun Najeriya su mika sunayen 'yan takarar shugaban kasa
hau_0356_topic,politics
hau_0356_headline,Gane Mini Hanya tare da Rabi'u Kwankwaso
hau_0357_topic,politics
hau_0357_headline,APC: Ofistar Buhari da Atiku ya buɗe sabon ofishin APC a Kaduna
hau_0358_topic,politics
hau_0358_headline,'Ba mu bi tsarin mulki don tsige malamin gwamnan Zamfara'
hau_0359_topic,politics
hau_0359_headline,Abin da ya sa APC ba ta dakatar da Oshiomhole shiga hedikwatar jam'iyyar - Shari'a Dan
hau_0360_topic,politics
hau_0360_headline,Har yanzu na dabo kan batun takamaiman dan takarar PDP a Yobe
hau_0361_topic,politics
hau_0361_headline,Femi Falana: Shugaba Buhari na son zarcewa a karo na uku
hau_0362_topic,politics
hau_0362_headline,Kotu ta tabbatar da Injiniya Abba Kabir Yusuf a matsayin halatacin dan takarar gwamna a Kano
hau_0363_topic,politics
hau_0363_headline,Ba zan sa hannu kan dokar zaɓen da aka yi wa garanbawul a 2021 ba - Majalisun Tarayya
hau_0364_topic,politics
hau_0364_headline,'Yan Najeriya sun sako Mai Dakin Shugaban Najeriya a gaba
hau_0365_topic,politics
hau_0365_headline,Yemi Osinbajo: Abin da ya sa mataimakin shugaban Najeriya ya fi shi cancanta
hau_0366_topic,politics
hau_0366_headline,Godwin Obaseki: An haramta wa Obaseki shiga zaben fitar da gwani
hau_0367_topic,politics
hau_0367_headline,Zaɓen 2023: Za a ci gaba da aikin ba da rijistar masu zaɓe a Najeriya - INEC
hau_0368_topic,politics
hau_0368_headline,APC na neman sabon tsarin da za ta shigo da kowa a dama da shi - Shekarau
hau_0369_topic,politics
hau_0369_headline,"Ibrahim Shekarau: Tsohon gwamnan Kano ya koma NNPP, ya amince da shi komawa PDP"
hau_0370_topic,politics
hau_0370_headline,Abin da ya sa manyan maƙiyan Najeriya ke rububin ƙungwar ƙasar Biafra
hau_0371_topic,politics
hau_0371_headline,APC ta yi tsayuwar daka kan zaben shugabannin majalisar dokokin Najeriya
hau_0372_topic,politics
hau_0372_headline,Majalisar Dattawan Najeriya ta tara
hau_0373_topic,politics
hau_0373_headline,'Yan soshiyal-midi na kara karfi a siyasar Najeriya'
hau_0374_topic,politics
hau_0374_headline,Rabi'u Kwankwaso: Ba zan daina gaskiya a matsayin abokin takarar shugaban kasa ba
hau_0375_topic,politics
hau_0375_headline,Abin da ya sa gwamnoni ke adawa da ɓatanci kan ƴancin ƙananan hukumomi a Najeriya
hau_0376_topic,politics
hau_0376_headline,Bola Ahmed Tinubu ya sha alwashin janye tallafin man fetur
hau_0377_topic,politics
hau_0377_headline,Za mu ba da labaran abubuwan da suka faru da ku a Najeriya
hau_0378_topic,politics
hau_0378_headline,'Kofar sulhu a tsakanin Ganduje da Shekarau - Ganduje
hau_0379_topic,politics
hau_0379_headline,Buhari ya bukaci a ci gaba da jagorancin jam'iyyar APC - Buhari
hau_0380_topic,religion
hau_0380_headline,Muhammad Sa'ad Abubakar: Ana neman mutanen da su taimaka wajen neman wanda ya ga watan Shawwal
hau_0381_topic,religion
hau_0381_headline,Ku San Malamanku tare da Malam Junaidu Abubakar Sadiq
hau_0382_topic,religion
hau_0382_headline,Ƴan sanda sun kama mutumin da ya ƙirƙiri manhajar da ta yaɗa hotunan fiye da mata Musulmai
hau_0383_topic,politics
hau_0383_headline,Biden ya kama aiki a matsayin shugaban Amurka
hau_0384_topic,religion
hau_0384_headline,Maulidi: Yadda aka Haifi Manzon Allah a mahangar addinin Musulmi
hau_0385_topic,religion
hau_0385_headline,Zakariyya Sa'id: Fitaccen malamin addinin Musulunci ya shafe shekaru yana karatun AlKur'ani
hau_0386_topic,religion
hau_0386_headline,Ku San Malamanku tare da Sheikh Ibrahim Khalil
hau_0387_topic,religion
hau_0387_headline,Bidiyon Ku San Malamanku tare da Fatima Ofana da Halima Umar Saleh
hau_0388_topic,religion
hau_0388_headline,Bidiyon Ku San Malamanku tare da Sheikh Musa Adam Maihula
hau_0389_topic,business
hau_0389_headline,Maniyyata sun yi tunanin cewa ba za a iya biyan kudin aikin hajji ba
hau_0390_topic,religion
hau_0390_headline,Sheikh Abduljabbar: Abubuwa shida da suka kamata ku sani kan muƙabala tsakanin malamin addinin Musulunci
hau_0391_topic,religion
hau_0391_headline,Eid el Kabir: Wasu hotunan hira da Sheikh Muhammad Watan Dhul Hijja
hau_0392_topic,religion
hau_0392_headline,Shawki Allam: Hanyoyin hana ɗaukar ciki a ƙasar
hau_0393_topic,religion
hau_0393_headline,Bidiyon Ku San Malamanku tare da Malam Madu Bulamari
hau_0394_topic,religion
hau_0394_headline,Ramadan: Yadda za ku yi azumi a watan Ramadan
hau_0395_topic,religion
hau_0395_headline,Coronavirus: Yadda taron Musulmai ya janyo yaduwar korona a Indiya
hau_0396_topic,religion
hau_0396_headline,Ku San Malamanku tare da Sheikh Abduljabbar Nasiru Kabara
hau_0397_topic,religion
hau_0397_headline,Malaman Kano sun ce a rage buɗe masallatai barkatai a Kano
hau_0398_topic,religion
hau_0398_headline,Bidiyon yadda aka lashe ƙwato Mosul daga hannun ƙungiyar IS
hau_0399_topic,religion
hau_0399_headline,Masallacin Haramin Makkah da ke Saudiyya
hau_0400_topic,religion
hau_0400_headline,Ku San Malamanku tare da Nusaiba Shuaibu Ahmad
hau_0401_topic,religion
hau_0401_headline,Bidiyon yadda aka fi daɗewa ɗarikar Ƙadiriyya a Najeriya
hau_0402_topic,religion
hau_0402_headline,Bidiyon Ku San Malamanku tare da Sheikh Shettima
hau_0403_topic,religion
hau_0403_headline,Karnataka: Wata kungiyar Musulmai ta APC ta gudanar da zanga-zangar a Indiya
hau_0404_topic,religion
hau_0404_headline,Taliban: Yadda rayuwar mata ke tilasta wa mata shiga siyasa a tsarin Shari'ar Musulunci
hau_0405_topic,religion
hau_0405_headline,Ku San Malamanku tare da Sheik Hassan Abubakar Dikko
hau_0406_topic,politics
hau_0406_headline,Nasiru El-Rufa'i: IMN ta mayar da martani ga gwamnan Kaduna
hau_0407_topic,religion
hau_0407_headline,Ku San Malamanku tare da Sheikh Abubakar Mohammed Sodangi
hau_0408_topic,religion
hau_0408_headline,Bidiyon Ku San Malamanku tare da Sheikh Muhammad Abubakar Kaallah
hau_0409_topic,religion
hau_0409_headline,Ku San Malamanku tare da Sheikh Abdulallah Usman Kaya
hau_0410_topic,religion
hau_0410_headline,Bidiyon Ku San Malamanku tare da Malam Adamu Girbo Muhammad
hau_0411_topic,religion
hau_0411_headline,Ku San Malamanku tare da Sheikh Muhammad Auwal Albaniy
hau_0412_topic,religion
hau_0412_headline,Ku San Malamanku tare da Sheikh Muhammad Bin Abdul Suru
hau_0413_topic,religion
hau_0413_headline,Bidiyon da ya sa mata Musulmai ke kallon bidiyon da ke yi na wasan ƙwallon kwando
hau_0414_topic,religion
hau_0414_headline,Ku San Malamanku tare da Malam Aliyu Hamri
hau_0415_topic,religion
hau_0415_headline,An yanke hukuncin daurin rai da rai ga maharin da ya kashe Musulmai a New Zealand
hau_0416_topic,religion
hau_0416_headline,Bidiyon hirar BBC da Sheikh Abdulwahab Abdullah a shirin Ku San Malamanku
hau_0417_topic,religion
hau_0417_headline,Ku San Malamanku tare da Sheikh Maraya
hau_0418_topic,religion
hau_0418_headline,Ku San Malamanku tare da Sheikh Karibullah
hau_0419_topic,religion
hau_0419_headline,Gwamnatin Kano za ta shirya muƙabala tsakanin malamin Kano da Sheikh Abduljabbar
hau_0420_topic,religion
hau_0420_headline,Ku San Malamanku tare da Dokta Ibrahim Disina
hau_0421_topic,religion
hau_0421_headline,Ku San Malamanku tare da Limamin Borno Laisu Ibrahim
hau_0422_topic,religion
hau_0422_headline,Matasa sun yi zanga-zangar ƙwaƙwalwar ɓatanci kan kisan Deborah Samuel
hau_0423_topic,religion
hau_0423_headline,Bidiyon Ku San Malamanku tare da Sheikh Adamu Dokoro
hau_0424_topic,religion
hau_0424_headline,Ku San Malamanku tare da Sheikh Aminu Abdullahi Yammawa
hau_0425_topic,religion
hau_0425_headline,Bidiyon Ku San Malamanku tare da Yesu Al-Masihu
hau_0426_topic,religion
hau_0426_headline,Daren Laylatul Ƙadari: Yadda Musulmai suka fara dacewa da daren kallon
hau_0427_topic,entertainment
hau_0427_headline,An neman 'ma'aurata' bayan daina daura aure a Facebook
hau_0428_topic,religion
hau_0428_headline,Sallar Juma'a karon farko a tarihin duniya na Hagia Sophia
hau_0429_topic,religion
hau_0429_headline,Ramadan: Yadda za ku gudanar da azumi yayin zaman gida
hau_0430_topic,religion
hau_0430_headline,Yadda ake tsaka mai wuya a Masallacin Kudus
hau_0431_topic,religion
hau_0431_headline,Sallar Idi: Abubuwa 10 da ake son Musulmi ya yi a ranar Idi
hau_0432_topic,religion
hau_0432_headline,Eid el Kabir: Abu uku game da wasu kwanaki a cikin shekara da suka fi muhimmanci
hau_0433_topic,religion
hau_0433_headline,Sheikh Abduljabbar: Kotu ta umarci a yi masa gwajin kwakwalwa da kunne a Kano
hau_0434_topic,religion
hau_0434_headline,Ku San Malamanku tare da Dr Ibrahim Abdullahi Rijiyar Lemo
hau_0435_topic,entertainment
hau_0435_headline,Falalar goman karshe
hau_0436_topic,religion
hau_0436_headline,Christmas 2020: Hotunan bikin Kirsimeti a ƙasashen duniya
hau_0437_topic,religion
hau_0437_headline,'Yan sanda sun kama matasa biyu da ake zarginsu da kisan Annabi
hau_0438_topic,religion
hau_0438_headline,Ku San Malamanku tare da Malam Abubakar Idris Bin Sulaiman
hau_0439_topic,religion
hau_0439_headline,Bidiyon Ku San Malamanku tare da Malam Kawu
hau_0440_topic,religion
hau_0440_headline,Coronavirus: Hanyoyin da ake bi wajen binne mutanen da cutar ta kashe
hau_0441_topic,politics
hau_0441_headline,Aung San Suukyi: Sojoji sun kifar da gwamnatin shugabar kasar
hau_0442_topic,religion
hau_0442_headline,Ku San Malamanku tare da BBC kuma za ta kawo muku cikakwiyar makala a ranar kirsimeti
hau_0443_topic,religion
hau_0443_headline,Matakan da suka kamata a bi wajen magance fyade da ta addabi Najeriya - Sheikh Aminu Daurawa
hau_0444_topic,religion
hau_0444_headline,Ku San Malamanku tare da Sheikh Abubakar Kyari Muhammed
hau_0445_topic,religion
hau_0445_headline,Ku San Malamanku tare da Malama Zainab Mahmud Adam
hau_0446_topic,religion
hau_0446_headline,Bidiyon Ku San Malamanku tare da Malam Muhmmadu Abubakar
hau_0447_topic,religion
hau_0447_headline,Bidiyon Ku San Malamanku tare da Ustaz Adam Muhammad Murtadha
hau_0448_topic,religion
hau_0448_headline,Bidiyon Ku San Malamanku tare da Sheikh Ahmad Muhammad Ibrahim Bamba
hau_0449_topic,religion
hau_0449_headline,Yadda Musulmai ke kallon birnin Askum mai tsarki
hau_0450_topic,religion
hau_0450_headline,Bidiyon Ku San Malamanku tare da Dr Jamil Muhammad Sadis
hau_0451_topic,religion
hau_0451_headline,Laylatul Qadri: Abubuwa 10 da suka sa Musulmi suka yi wa ubangiji wayo
hau_0452_topic,religion
hau_0452_headline,Darul Mus'haf: Kamfanin na buga Al Ƙur'ani mafi girma a Afrika
hau_0453_topic,religion
hau_0453_headline,Bidiyon Ku San Malamanku tare da Sheikh Muhammad Nuruddeen
hau_0454_topic,religion
hau_0454_headline,Ku San Malamanku tare da Malam Yakubu Musa
hau_0455_topic,religion
hau_0455_headline,Ku San Malamanku tare da Malam Muhammad Mahmud Gombe
hau_0456_topic,religion
hau_0456_headline,Ku San Malamanku tare da Sheikh Dr Jabir Maihula
hau_0457_topic,religion
hau_0457_headline,Coronavirus: Ya kamata Musulmi su yi Sallah a gidajensu lokacin azumi
hau_0458_topic,religion
hau_0458_headline,Ku San Malamanku tare da Dr Abubakar Muhammad Sani Birnin Kudu
hau_0459_topic,religion
hau_0459_headline,'Yan sanda sun kama wani mutum da ake zargi da ƙoƙarin Musulunci
hau_0460_topic,religion
hau_0460_headline,Bidiyon Ku San Malamanku tare da Sanata Sa'id Muhammad Dankadau
hau_0461_topic,religion
hau_0461_headline,Ku San Malamanku tare da Abubakar Muhammad Samina Yauri
hau_0462_topic,religion
hau_0462_headline,Bidiyon hira da Sheikh Shettima Habib
hau_0463_topic,religion
hau_0463_headline,Yadda ake kai hari a masallacin Ayodya a India
hau_0464_topic,health
hau_0464_headline,Coronavirus: Hotunan bikin bude-baki na azumin farko na shekarar 2020
hau_0465_topic,religion
hau_0465_headline,Yadda za ku bi wa maniyyata aikin Hajji da masu karfi damar tara kudin gwargwadon halin da yake da shi
hau_0466_topic,religion
hau_0466_headline,Bidiyon Ku San Malamanku tare da Malam Muhammad Modbbo Tukur
hau_0467_topic,religion
hau_0467_headline,Coronavirus: Ba mu tara jama'a a lokutan tafseerin da ake gudanarwa a watan Ramayana ba
hau_0468_topic,religion
hau_0468_headline,Bidiyon Ku San Malamanku tare da Sheikh Muhammad Khamis
hau_0469_topic,religion
hau_0469_headline,Ramadan: Kwamitin duban wata ya umarci ƴan Najeriya da su fara duban jaririn watan azumin Ramadan
hau_0470_topic,religion
hau_0470_headline,Bidiyon Ku San Malamanku tare da Malam Jabir Sani Maihula
hau_0471_topic,religion
hau_0471_headline,Ku San Malamanku tare da Malama Zahra'u Muhammad Umar
hau_0472_topic,religion
hau_0472_headline,Yadda ake wa'azi kan coronavirus a Najeriya
hau_0473_topic,religion
hau_0473_headline,Bidiyon Ku San Malamanku tare da Sheikh Muhammad Awwal
hau_0474_topic,religion
hau_0474_headline,Yadda ake kai wa Musulmi miliyan 40 kisan 'yan Hindu a Uttar Pradesh
hau_0475_topic,religion
hau_0475_headline,Ku San Malamanku tare da Sheikh Muhammad Bala Ahmed
hau_0476_topic,religion
hau_0476_headline,Ku San Malamanku tare da Malam Dahir Lawan Mu'az
hau_0477_topic,religion
hau_0477_headline,Ku San Malamanku tare da Muhammad Mahdi Sheik Haruna Rashid
hau_0478_topic,religion
hau_0478_headline,Ku San Malamanku tare da Malamin Nasri Islam
hau_0479_topic,sports
hau_0479_headline,PSG na son maye gurbin Pochettino a karshen kakar bana
hau_0480_topic,sports
hau_0480_headline,"Kasuwar 'yan kwallon kafa: Makomar Silva, Bellingham, De Jong, Raphinha, da De Jong"
hau_0481_topic,sports
hau_0481_headline,'Yan wasa sun fara cefanen tunkarar kakar badi a Sifaniya
hau_0482_topic,sports
hau_0482_headline,Real Madrid da Liverpool za su fafata a Champions League na bana
hau_0483_topic,sports
hau_0483_headline,Real Madrid vs Barcelona: Aubameyang ya fara cin kwallo a La Liga ranar Lahadi
hau_0484_topic,sports
hau_0484_headline,Nathan Redmond ya bar Southampton ya koma Barcelona
hau_0485_topic,sports
hau_0485_headline,Bahagon Ali Kawoji ya yi nasar doke Dogon Sisco a Ado Bayero Square
hau_0486_topic,sports
hau_0486_headline,Real Madrid za ta dauki matashin Tchouameni daga Monaco
hau_0487_topic,sports
hau_0487_headline,Real Madrid ta hada maki shida a La Liga ta bana
hau_0488_topic,sports
hau_0488_headline,An gabatar da Thierry Henry a mataimakin kocin tawagar Faransa
hau_0489_topic,sports
hau_0489_headline,Nayef Aguerd: West Ham ta kammala daukar dan wasan Rennes
hau_0490_topic,sports
hau_0490_headline,Sadio Mane: Bayern Munich ba ta amince da tayin Mane a Liverpool ba
hau_0491_topic,sports
hau_0491_headline,Morocco ta kai daf da na kusa da na karshe
hau_0492_topic,sports
hau_0492_headline,Ronaldo ya samu tayi daga Saudiyya
hau_0493_topic,sports
hau_0493_headline,Lionel Messi ya koma Paris St Germain da taka leda
hau_0494_topic,sports
hau_0494_headline,Firimiyar Najeriya ta ci tarar Kano Pillars naira miliyan tara
hau_0495_topic,sports
hau_0495_headline,Aston Villa ta doke Brentford a wasan farko a Premier League
hau_0496_topic,sports
hau_0496_headline,Messi ta yi nasara a kan Leicester City
hau_0497_topic,sports
hau_0497_headline,Barcelona ta amince ta dauki Franck Kessie daga AC Milan
hau_0498_topic,sports
hau_0498_headline,"Kasuwar ƴan ƙwallon ƙafa: Makomar Rashford, Salah, Delot da kuma Delot"
hau_0499_topic,sports
hau_0499_headline,'Yan Koriya ta Kudu 26 da za su buga Gasar Cin Kofin Duniya a Qatar
hau_0500_topic,sports
hau_0500_headline,Cahill ya yi ritaya daga taka leda
hau_0501_topic,sports
hau_0501_headline,Luis Suez ya amince zai koma Uruguay
hau_0502_topic,sports
hau_0502_headline,Lionel Messi ya ce zai yi murabus daga bugawa Argentina
hau_0503_topic,sports
hau_0503_headline,Lewandowski ne kan gaba a cin kwallaye a Turai a 2021/22
hau_0504_topic,sports
hau_0504_headline,Man United na duba hanyoyin da za ta bi wa Cristiano Ronaldo sake buga wa ƙungiyar
hau_0505_topic,sports
hau_0505_headline,Qatar 2022: Messi ya ja ragamar Argentina ta lashe Kofin Duniya a Qatar
hau_0506_topic,business
hau_0506_headline,"Amsoshin Takardunku 11/06/2022: George Weah, tsohon gwarzon ɗan ƙwallo"
hau_0507_topic,sports
hau_0507_headline,Kamaru ta shiga gasar Kofin Duniya na 2022
hau_0508_topic,sports
hau_0508_headline,"Kasuwar 'yan kwallon kafa: Makomar Jesus, Jesus, Bellingham, De Jong, Eriksen, Pogba, Raphinha,"
hau_0509_topic,sports
hau_0509_headline,'Yan Real Madrid 11 da za su kara da cin kofin duniya a La Liga
hau_0510_topic,sports
hau_0510_headline,Arsenal ta fara kakar bana da kafar dama
hau_0511_topic,sports
hau_0511_headline,Wata kotu ta bayar da belin dan wasan Manchester United
hau_0512_topic,sports
hau_0512_headline,Potter ya ce aikin horar da tamaula zai shafi lafiyar kwakwalwa
hau_0513_topic,sports
hau_0513_headline,Erling Haaland ya ce zai cika burinsa bayana Manchester City ta kammala mu
hau_0514_topic,sports
hau_0514_headline,Atletico Madrid 1-0 Real Madrid: Real Madrid ta kara cin Real Madrid a La Liga
hau_0515_topic,sports
hau_0515_headline,Manchester United ta sanar da asarar da ta yi ta £122.5m a shekarar 20/22
hau_0516_topic,sports
hau_0516_headline,Maradona ya zama biyu daga cikin cin kwallayen da suka fi shahara a tarihi
hau_0517_topic,sports
hau_0517_headline,Real Madrid za ta buga wa wasan sada zumunta uku a Amurka
hau_0518_topic,sports
hau_0518_headline,'Yan wasan Faransa na jinya daf da za su buga Gasar Cin Kofin Duniya a Qatar
hau_0519_topic,sports
hau_0519_headline,"Kasuwar ƴan ƙwallo: Makomar Coutinho, Nunez, Cucurella, Mane, Coutinho da Mane"
hau_0520_topic,sports
hau_0520_headline,"Kasuwar 'yan kwallon kafa: Makomar Neymar, Dembele, Eriksen, Raphinha, Traore, Richarlison,"
hau_0521_topic,sports
hau_0521_headline,Chelsea ta ziyarci Faransa domin buga Conference League
hau_0522_topic,sports
hau_0522_headline,Arsenal ta koma turbar neman gurbin buga Champions League a badi
hau_0523_topic,sports
hau_0523_headline,Franck Rabiry ya yi ritaya daga sana'ar tamaula
hau_0524_topic,sports
hau_0524_headline,Real Madrid ta ziyarci Chelsea domin buga Quarter finals
hau_0525_topic,sports
hau_0525_headline,Bayern Munich ta kora takwararta ta FC Sals
hau_0526_topic,sports
hau_0526_headline,Tom Werner ya neman yadda za mu sayar da ƙungiyar ta Liverpool
hau_0527_topic,sports
hau_0527_headline,Chelsea ta kamala ƙullar yarjejeniya da Nkunku
hau_0528_topic,sports
hau_0528_headline,Al-Nassa ta yi wa Cristiano Ronaldo tayin mai tsoka
hau_0529_topic,sports
hau_0529_headline,Chelsea za ta karbi kocin Real Madrid a Quarter finals
hau_0530_topic,sports
hau_0530_headline,Qatar 2022: Wani dan kasar Kenya ya fado daga bakin ya mutu
hau_0531_topic,sports
hau_0531_headline,Man United ta kara cin karo da koma-baya a gidan Brentford
hau_0532_topic,sports
hau_0532_headline,Arsenal da Tottenham za su ci gaba da jan ragamar teburin Premier a watan na Oktoba
hau_0533_topic,sports
hau_0533_headline,"Kasuwar 'yan kwallo: Makomar Gordon, De Jong, de Jong, Raphinha"
hau_0534_topic,sports
hau_0534_headline,An sauya Erling Haaland a Champions League
hau_0535_topic,sports
hau_0535_headline,Southampton ta kara cin karo da koma-baya a Premier League ranar Asabar
hau_0536_topic,sports
hau_0536_headline,Bournemouth ta kori Scott Baker daga Anfield
hau_0537_topic,sports
hau_0537_headline,Ronaldo zai ci gaba da taka leda a Man United
hau_0538_topic,sports
hau_0538_headline,Barcelona ta samu gurbin shiga gasar Champions League ta badi
hau_0539_topic,sports
hau_0539_headline,Real Madrid ta yi nasara da Real Madrid a La Liga ranar Litinin
hau_0540_topic,sports
hau_0540_headline,Roma ta fara Serie A ta bana da kafar dama
hau_0541_topic,sports
hau_0541_headline,"Kasuwar 'yan kwallo: Makomar Salah, Mane, De Jong, de Ligt, de Jong, Tuchel, Kounde,"
hau_0542_topic,sports
hau_0542_headline,Unai Emery zai maye gurbin Steven Gerrard a matsayin sabon kociyanta
hau_0543_topic,sports
hau_0543_headline,'Yan wasa da suka gayyata don buga Gasar Cin Kofin Duniya a Qatar
hau_0544_topic,sports
hau_0544_headline,Barcelona za ta buga El Clasico hudu a Amurka
hau_0545_topic,sports
hau_0545_headline,Bayern Munich ta lashe Bundesliga na 22 jumulla
hau_0546_topic,sports
hau_0546_headline,Ronaldo ba zai buga wasan da Manchester United za ta yi da Chelsea ba
hau_0547_topic,sports
hau_0547_headline,Lewandowski ya ci kwallo na 1000 a La Liga
hau_0548_topic,sports
hau_0548_headline,Ƴan Ajentina da suka kwarara a kan tituna a Faransa
hau_0549_topic,sports
hau_0549_headline,Mino Raiola: 'Yan wasa sun musanta batun rasuwar shahararren wakilin ƙwallon ƙafa
hau_0550_topic,sports
hau_0550_headline,'Abin da ya sa na yi 'sa'a' da za a yi min tiyata a wani katafaren kantin
hau_0551_topic,sports
hau_0551_headline,Sadio Mane ya je Munich ranar Talata
hau_0552_topic,sports
hau_0552_headline,Harry Maguire ya koma atisaye bayan raunin da ya ji
hau_0553_topic,sports
hau_0553_headline,Bayern Munich za ta karbi baƙin Villareal a Champions League
hau_0554_topic,sports
hau_0554_headline,"Kasuwar 'yan kwallo: Makomar Osimhen, Bellingham, Rice, Rice da De Gea"
hau_0555_topic,sports
hau_0555_headline,ranar da za a kara tsakanin Barcelona da Sevilla a La Liga
hau_0556_topic,sports
hau_0556_headline,Karim Benzema ya yi kan-kan-kan da Raul ya lashe kofi 43 a Real Madrid
hau_0557_topic,sports
hau_0557_headline,Zlatan Ibrahimovic zai ci gaba da taka leda a AC Milan
hau_0558_topic,sports
hau_0558_headline,Brazil na fatan lashe Kofin Duniya a Qatar
hau_0559_topic,sports
hau_0559_headline,Oleksandr Zinchenko: Arsenal ta kammala cinikin ɗan wasan Ukraine
hau_0560_topic,sports
hau_0560_headline,Arsenal ta kammala daukar Jesus daga Man City
hau_0561_topic,sports
hau_0561_headline,Chelsea ta caskara Southampton a Premier bayan casa Forest
hau_0562_topic,sports
hau_0562_headline,Man United ta doke Liverpool a wasan sada zumunta
hau_0563_topic,sports
hau_0563_headline,"Kasuwar ƴan ƙwallo: Makomar Mbappe, Jesus, Delot, Dalot"
hau_0564_topic,sports
hau_0564_headline,Kylian Mbappe na jin cewar Paris St Germain ta ''yaudare shi''
hau_0565_topic,sports
hau_0565_headline,Man United 0-0 Newcastle: United ta tashi 0-0 a wasan Premier ranar Lahadi
hau_0566_topic,sports
hau_0566_headline,Fernandinho ya koma Athletico Paranaense
hau_0567_topic,sports
hau_0567_headline,Antony ya ce ba zan daina abin da ya fito da ni ba aka san ni
hau_0568_topic,sports
hau_0568_headline,CAF ta sanya ranar 11 ga watan Nuwamba a matsayin wa'adin karshe ga kasashe
hau_0569_topic,sports
hau_0569_headline,Chelsea ba za ta dauki mataki ba-sani-ba-sabo kan lamarin nuna wariya
hau_0570_topic,sports
hau_0570_headline,Croatia za ta buga wa Croatia gasar kofin duniya a Qatar
hau_0571_topic,sports
hau_0571_headline,Real Madrid ta je Real Madrid karo na hudu a jere
hau_0572_topic,sports
hau_0572_headline,Moroco ta kai zagayen gaba a gasar kofin duniya a Qatar
hau_0573_topic,sports
hau_0573_headline,Chelsea: An bai wa alhakin sayar da Chelsea damar cinikin ƙarshen watan nan
hau_0574_topic,sports
hau_0574_headline,"Kasuwar 'yan kwallo: Makomar Haaland, Bayern Munich, Real Madrid da kuma Barcelona sun tattauna"
hau_0575_topic,sports
hau_0575_headline,Me zai yi jinyar watanni bayan tiyatar da aka yi masa
hau_0576_topic,sports
hau_0576_headline,Najeriya ta nasara a wasan sada zumunta da Algeria
hau_0577_topic,sports
hau_0577_headline,Yadda yamutsitsi ya shiga tarihin bala'o'i manya da suka faru a filin wasa
hau_0578_topic,sports
hau_0578_headline,Qatar 2022: Kyalin Mbappe ya fara cin karo da koma-baya a cin Kofin Duniya a Qatar
hau_0579_topic,technology
hau_0579_headline,Abin da ya sa ake gane a sararin samaniya a birni Milkiwe Galakzi
hau_0580_topic,technology
hau_0580_headline,'Abin da ya sa aka rika azabtar da shi a hanyar gano ruwa'
hau_0581_topic,technology
hau_0581_headline,Abin da ya sa nake haƙar ma'adinai a duniya
hau_0582_topic,technology
hau_0582_headline,Coronavirus: BBC ta kaddamar da dakin karatu kan labaran karya
hau_0583_topic,technology
hau_0583_headline,China ta ƙaddamar da shiri na ƙoƙarin ɗauko duwatsu daga duniyar wata
hau_0584_topic,technology
hau_0584_headline,Barin da ya kamata ku sani game da gidan tarihin sirri na Amurka
hau_0585_topic,business
hau_0585_headline,Ismail Einashe ya ziyarci shagunan da ke amfani da matattun tsitsmokara
hau_0586_topic,business
hau_0586_headline,Matasa na neman ilimi ta hanyar samun aikin yi don ɗaukar nauyin karatunsu
hau_0587_topic,entertainment
hau_0587_headline,Zainab: 'Na fi ƙarfin ganin 'yarta a Arewacin Najeriya'
hau_0588_topic,technology
hau_0588_headline,Elon Musk: An sayar wa attajirin nan da ya kai dala biliyan 43
hau_0589_topic,technology
hau_0589_headline,An tuhumi Facebook da cin tarar dalilin da ya fi dacewa ya jagoranci kasashensu
hau_0590_topic,technology
hau_0590_headline,Matana kimiyya sun samar da hoton Jupiter da ke bibiyar yankunan masu dumi
hau_0591_topic,technology
hau_0591_headline,Yadda ake aike sakonnin Twitter da ke janyo ce-ce-ku-ce
hau_0592_topic,entertainment
hau_0592_headline,Bidiyon Ku San Malamanku tare da Ma'aikatan BBC
hau_0593_topic,health
hau_0593_headline,Mutumin da ke zaune a Kano ya nemi na kansa
hau_0594_topic,technology
hau_0594_headline,Coronavirus: Yadda za ku iya amfani da intanet domin ci gaba da karatu
hau_0595_topic,technology
hau_0595_headline,Abin da ya sa kamfanin Boeing zai dakatar da kera jiragen 737 Max
hau_0596_topic,technology
hau_0596_headline,'Abin da ya kamata ku sani game da hotunan sararin samaniya'
hau_0597_topic,business
hau_0597_headline,Amurka ta kasa dakatar da cinikin makamai tsakanin Saudiyya
hau_0598_topic,business
hau_0598_headline,EFCC ta daure mutum da 'yan sandan Amurka ke zargi da zargin intanet
hau_0599_topic,business
hau_0599_headline,An kawo karshen takadawa tsakanin China da Amurka
hau_0600_topic,technology
hau_0600_headline,Abin da ya sa kamfanonin da ke ɗaiɗaikun mutane kutse a lokacin annoba
hau_0601_topic,technology
hau_0601_headline,Amurka za ta iya jawo bala'i a jirgin sama
hau_0602_topic,business
hau_0602_headline,Abin da ya sa kamfanonin rarba lantarki ke samun matsalar
hau_0603_topic,technology
hau_0603_headline,Kasashen duniya sun fara zanga-zangar Iran kan saukewar internet
hau_0604_topic,technology
hau_0604_headline,Yaron da ke aiki da 'yan sama jannati idan ya zama ɗaya daga cikinmu wata rana
hau_0605_topic,technology
hau_0605_headline,Saudiyya ta musanta zargin da ake yi wa yariman kasar na 'kushe'
hau_0606_topic,technology
hau_0606_headline,China ta yi amfani da makaman wurin kai hari a iyakar Indiya
hau_0607_topic,technology
hau_0607_headline,Amurka ta gano abubuwan masu tashi a sararin samaniya
hau_0608_topic,technology
hau_0608_headline,China za ta aika da tashar sararin samaniya zuwa wata shida
hau_0609_topic,politics
hau_0609_headline,Abin da ya kamata ku sani kan labarin 'yan sandan Najeriya'
hau_0610_topic,health
hau_0610_headline,Yadda matasa ke amfani da wayoyin zamani
hau_0611_topic,technology
hau_0611_headline,Abin da ya sa kamfanonin sada zumunta ke biya kudi don masu fada-a-ji a Instagram ya yi tashin gwauron
hau_0612_topic,technology
hau_0612_headline,Hadiza Shehu: Abin da ya sa nake son yi wa motar zamani
hau_0613_topic,technology
hau_0613_headline,James Howell ya jefa da ma’adanin bayanai na kamfata
hau_0614_topic,technology
hau_0614_headline,Hotunan yadda ƙaruwar guguwa ta yi ɓarna a Amurka
hau_0615_topic,technology
hau_0615_headline,An samar da kwayoyi na kwakwalwa na farko a dakin kimiyya
hau_0616_topic,technology
hau_0616_headline,Hotunan da aka ɗauka da tauraron ɗan Adam ya nuna ƙwallo mai launin toka
hau_0617_topic,technology
hau_0617_headline,Matar da ta goge hotunan 'ya'yana a shafukan sada zumunta ba tare da izinin mahaifiyarta ba
hau_0618_topic,technology
hau_0618_headline,Wani dan Afirka na farko da ya samu damar zuwa sararin samaniya ya mutu
hau_0619_topic,entertainment
hau_0619_headline,MeToo: Abin da ya sa aka samo a shafukan sada zumunta wajen cin zarafin mata
hau_0620_topic,technology
hau_0620_headline,An gano gawar mutumin da ya shekara 22 a duniya
hau_0621_topic,technology
hau_0621_headline,Yadda za ku iya sa ƴaƴansu sa ido kan abubuwan da ke faruwa a intanet
hau_0622_topic,technology
hau_0622_headline,Yadda mutum-mutumi za su iya zama barazana ga cigaba da wanzuwar dan Adam
hau_0623_topic,technology
hau_0623_headline,Google ya fitar da sabon tsarin gano dabbobi masu 'kamar a zahiri'
hau_0624_topic,technology
hau_0624_headline,WhatsApp ya ja hankalin masu amfani da shafin
hau_0625_topic,technology
hau_0625_headline,Yadda za ku binciken mijin da aka fara ha'intar juna a Kano
hau_0626_topic,technology
hau_0626_headline,Microsoft ya dakile kasashen Rasha da Iran kan kokarin fado 'yan siyasa
hau_0627_topic,technology
hau_0627_headline,Sauyin yanayi: Yadda za ku kauce wa gurbataccen hayaki
hau_0628_topic,technology
hau_0628_headline,Mansur Mabere: Abin da ya ƙirƙira a lokacin rana
hau_0629_topic,technology
hau_0629_headline,Ramin Blackhole: Aniyar daukar hoton da ke yawo a duniya
hau_0630_topic,technology
hau_0630_headline,Yadda ake amfani da bidiyoyi bogi a intanet
hau_0631_topic,technology
hau_0631_headline,An dakatar da jirgin Boeing 737 Max
hau_0632_topic,business
hau_0632_headline,Ethiopia: Wani dan shekara 14 ya samar wa gidaje da wutar lantarki a ƙauyen Borana
hau_0633_topic,technology
hau_0633_headline,Yadda shafin Google ya cika shekara 21 a 2019
hau_0634_topic,health
hau_0634_headline,An bai wa wani dan asalin Afirka lambar yabo ta zinare
hau_0635_topic,technology
hau_0635_headline,WhatsApp ya fara amfani da ƙarin Hausa a wasu wadanda suka haɗa da harshen Hausa
hau_0636_topic,business
hau_0636_headline,Matashin da ke da larurar makanta a Lagos
hau_0637_topic,technology
hau_0637_headline,Yadda za ku yi wa wayar salula ƙarfin zafi a yanayi na tsananin zafi